codice,denominazione,ubicazione,comune,coordinata_x,coordinata_y,latitudine,longitudine,codice_zona,osm_id
40573,SAN GIORGIO DI P. GIOVANN,VIA GIOVANNI XXIII,SAN GIORGIO DI PIANO,688573,947084,"44,650566","11,377112",545,359550459
40569,SAN GIORGIO DI P. PANZACC,VIA PANZACCHI 3,SAN GIORGIO DI PIANO,688573,946779,"44,647823","11,377",545,512194114
40572,SAN GIORGIO DI P. PANZACC,VIA PANZACCHI FR 3,SAN GIORGIO DI PIANO,688593,946783,"44,647854","11,377253",545,512194115
40559,SAN GIORGIO DI P. CIRCONV,VIA IV NOVEMBRE 2,SAN GIORGIO DI PIANO,688604,946514,"44,645431","11,377293",545,512194116
40560,SAN GIORGIO DI P. CIRCONV,VIA IV NOVEMBRE FR 2,SAN GIORGIO DI PIANO,688587,946514,"44,645436","11,377079",545,512194117
40567,PASOLINI,VIA MASINA FR 30,SAN GIORGIO DI PIANO,688070,945954,"44,640534","11,37036",545,546293043
40580,SAN GIORGIO DI P. CIRCONV,VIA IV NOVEMBRE 12/4,SAN GIORGIO DI PIANO,688575,946480,"44,645133","11,376915",545,546293055
40562,DON MARELLA,VIA FORLANI 1,SAN GIORGIO DI PIANO,688418,946259,"44,643186","11,374856",545,549193472
94534,LA BIANCHINA,VIA IDICE 21,OZZANO DELL`EMILIA,693558,919476,"44,400917","11,429574",511,550687429
600396,BOLOGNA VENEZIANI,VIA BOLOGNA 487,FERRARA,705184,965479,"44,811433","11,593784",600,703267820
600494,PORTA CATENA AGUIARI,VIA PORTA CATENA 41,FERRARA,706411,969469,"44,84696","11,610906",600,703267823
600491,PORTA CATENA VIALE PO,VIA PORTA CATENA 26,FERRARA,706291,969307,"44,845538","11,609323",600,703267826
600182,PORTA MARE ARIOSTEA,CSO PORTA MARE F 8,FERRARA,707545,968945,"44,841918","11,625026",600,703267838
600400,BOLOGNA C. COMM.LE IL CAS,VIA BOLOGNA FR 284,FERRARA,705755,966100,"44,816853","11,601249",600,703267843
600495,PORTA CATENA PIAZZALE GIO,VIA PORTA CATENA 96,FERRARA,706548,969621,"44,848287","11,612699",600,703267846
600450,STAZIONE PORTA RENO,VIA FORO BOARIO 13,FERRARA,706151,967012,"44,82494","11,606622",600,703267848
600340,VIA DEL CAMPO CIMITERO,VIA DEL CAMPO 36,FERRARA,707080,966735,"44,822179","11,618248",600,703267849
600603,PORTA MARE MORTARA,CSO PORTA MARE 104,FERRARA,708211,968851,"44,840878","11,633406",600,703267860
600155,ISONZO GARIBALDI,CSO ISONZO 91,FERRARA,706530,968564,"44,838787","11,612042",600,703267866
600546,CANAPA PARCO BASSANI,VIA DELLA CANAPA 47,FERRARA,706714,970137,"44,852879","11,615008",600,703267867
600320,COMACCHIO BOSCHETTO [623],VIA COMACCHIO 21,FERRARA,708066,966798,"44,822459","11,630733",600,703267869
600571,MODENA ERIDANO,VIA MODENA 119,FERRARA,704952,969478,"44,847462","11,592466",600,703267875
600204,GIOVECCA MONTEBELLO,CSO DELLA GIOVECCA 112,FERRARA,707540,968268,"44,835831","11,624687",600,703267876
600388,CHIESUOL DEL FOSSO CHIESA,VIA BOLOGNA FR. 608,CHIESUOL DEL FOSSO,704654,964946,"44,806792","11,586874",600,703267879
600190,MORTARA BORSARI,VIA MORTARA 219,FERRARA,708102,968624,"44,838869","11,631935",600,703267881
600460,BARLAAM ZAPPATERRA,VIA V.BARLAAM F48,FERRARA,705860,967399,"44,828504","11,603102",600,703267882
600542,CANAPA MOTORIZZAZIONE,VIA DELLA CANAPA F62,FERRARA,706596,970629,"44,857338","11,613716",600,703267886
600203,GIOVECCA CITTA` DELLA SAL,CSO DELLA GIOVECCA F180,FERRARA,708044,967953,"44,832852","11,630927",600,703267893
600202,GIOVECCA TEATINI,CSO DELLA GIOVECCA 50,FERRARA,707288,968424,"44,837308","11,621565",600,703267897
600385,CHIESUOL DEL FOSSO CHIESA,VIA BOLOGNA 606,CHIESUOL DEL FOSSO,704649,964954,"44,806865","11,586814",600,703267899
600186,MONTEBELLO BOVELLI,VIA MONTEBELLO 42,FERRARA,707739,968568,"44,838471","11,627324",600,703267901
600613,PO OROBONI,VIA PO 50,FERRARA,706096,969268,"44,845244","11,606842",600,703267902
600338,GORETTI FABBRI,VIA C.GORETTI 78,FERRARA,706970,967178,"44,826195","11,617039",600,703267907
600193,PIAZZALE MEDAGLIE D`ORO,PLE DELLE MEDAGLIE D`ORO 205,FERRARA,708181,967868,"44,832047","11,632624",600,703267915
600195,ALFONSO D`ESTE MEDAGLIE D,VLE ALFONSO I D`ESTE 2,FERRARA,708196,967780,"44,831251","11,632777",600,703267916
600498,MODENA MARCONI (BV. D`ORO,VIA MODENA 15,FERRARA,705570,969388,"44,846475","11,600242",600,703267917
600165,CAVOUR GIARDINI,VLE CAVOUR F 22,FERRARA,707034,968578,"44,838766","11,618418",600,703267920
600410,BOLOGNA FORO BOARIO,VIA BOLOGNA 189,FERRARA,706300,966963,"44,824456","11,608485",600,703267921
600493,PORTA CATENA AGUIARI,VIA PORTA CATENA 68,FERRARA,706416,969455,"44,846832","11,610963",600,703267928
600408,BOLOGNA PESCI,VIA BOLOGNA 231,FERRARA,706216,966838,"44,823356","11,607373",600,703267930
600476,STAZIONE,Piazzale della Stazione pensilina E,FERRARA,705943,968981,"44,842707","11,604792",600,703267934
600192,MORTARA DISPENSARIO,VIA MORTARA 59,FERRARA,707943,968190,"44,835012","11,629748",600,703267944
600545,CANAPA PARCO BASSANI,VIA DELLA CANAPA F5,FERRARA,706729,970114,"44,852668","11,615188",600,703267955
600233,PIANGIPANE RIPAGRANDE,strada PIANGIPANE 129,FERRARA,706574,968317,"44,836553","11,612498",600,703267961
600191,MORTARA BOVELLI,VIA MORTARA 133,FERRARA,708021,968404,"44,836914","11,630821",600,703267982
600458,BARLAAM ZAPPATERRA,VIA V.BARLAAM 74,FERRARA,705824,967434,"44,828829","11,602661",600,703267985
600168,XXV APRILE PARTIGIANI,VLE XXV APRILE 141,FERRARA,706775,969574,"44,847798","11,61555",600,703267987
600427,PIAZZA KENNEDY,VIA KENNEDY FR.41,FERRARA,706824,967806,"44,831885","11,615449",600,703267988
600541,CANAPA MOTORIZZAZIONE,VIA DELLA CANAPA 62,FERRARA,706589,970706,"44,858032","11,613659",600,703267989
600159,CAVOUR BARRIERA,VIA CAVOUR 149,FERRARA,706319,969015,"44,842904","11,609558",600,703267991
600206,GIOVECCA PARCO PARESCHI,CSO DELLA GIOVECCA 148,FERRARA,707848,968055,"44,833826","11,628492",600,703267995
600390,CENTRO CONGRESSI,VIA BOLOGNA 541,FERRARA,704948,965240,"44,809351","11,590706",600,703268004
600185,MONTEBELLO BELLARIA,VIA MONTEBELLO 12,FERRARA,707643,968348,"44,836521","11,626021",600,703268006
600438,KRASNODAR VERGA,VLE KRASNODAR 21,FERRARA,705958,966521,"44,82058","11,603984",600,703268009
600337,GORETTI IPPODROMO,VIA C.GORETTI 52/54,FERRARA,706828,967283,"44,827181","11,615287",600,703268012
600189,PORTA MARE MORTARA,VIA MORTARA 303,FERRARA,708174,968827,"44,840673","11,632928",600,703268022
600492,PORTA CATENA PIAZZALE GIO,VIA PORTA CATENA 73,FERRARA,706528,969610,"44,848194","11,612442",600,703268029
600447,VIA DEL CAMPO POLETTI,VIA DEL CAMPO F52,FERRARA,706834,966799,"44,822826","11,615166",600,703268030
600339,FABBRI,VIA G.FABBRI FR 259,FERRARA,707171,967014,"44,824662","11,619512",600,703268032
600416,BOLOGNA IPPODROMO,VIA BOLOGNA 137,FERRARA,706430,967184,"44,826406","11,610217",600,703268044
600398,BOLOGNA EX DAZIO,VIA BOLOGNA 405,FERRARA,705587,965871,"44,814842","11,599034",600,703268045
600544,CANAPA SCUOLE,VIA DELLA CANAPA 71,FERRARA,706687,970252,"44,853921","11,614713",600,703268049
600348,PESCI,VIA G.PESCI 119,FERRARA,706698,966569,"44,820797","11,613354",600,703268050
600161,CAVOUR ISONZO,VLE CAVOUR 185/A,FERRARA,706586,968857,"44,841405","11,612869",600,703268053
600153,ISONZO AUTOSTAZIONE,CSO ISONZO 133,FERRARA,706324,968229,"44,835834","11,609302",600,703268054
600169,XXV APRILE PARTIGIANI,VLE XXV APRILE 28,FERRARA,706788,969605,"44,848073","11,615727",600,703268068
600612,FABBRI ANTOLINI,VIA G.FABBRI 99,FERRARA,706906,967351,"44,827769","11,6163",600,703268069
600570,MODENA DUE ABETI,VIA MODENA 62,FERRARA,705117,969480,"44,847433","11,594552",600,703268078
600021,SAN ROCCO FARMACIA,RPA DI SAN ROCCO 10,FERRARA,708289,968702,"44,839515","11,634331",600,703268080
600478,PIAVE SAN GIACOMO,CSO PIAVE 62,FERRARA,705873,968829,"44,84136","11,603845",600,703268082
600187,MONTEBELLO BORSARI,VIA MONTEBELLO 58,FERRARA,707820,968790,"44,840444","11,628439",600,703268085
600405,BOLOGNA C. COMM.LE IL CAS,VIA BOLOGNA 274,FERRARA,705835,966239,"44,81808","11,602316",600,703268088
600424,DARSENA,VIA DARSENA,FERRARA,706639,967756,"44,831489","11,613091",600,703268090
600462,ARGINE DUCALE,VIA ARGINE DUCALE 353,FERRARA,705892,967983,"44,833747","11,603743",600,703268092
600208,GIOVECCA CITTA` DELLA SAL,CSO DELLA GIOVECCA 200,FERRARA,708114,967894,"44,8323","11,631788",600,703268097
600163,CAVOUR P. BERETTA,VIA CAVOUR 45,FERRARA,706871,968679,"44,839722","11,616399",600,703268101
600471,ARGINONE,VIA ARGINONE 227,ARGINONE,704864,968565,"44,839277","11,590985",600,725021138
600075,POSSESSIONE BOSCHETTO,VIA BASSA 117,FERRARA,709042,961478,"44,774332","11,64088",630,725052445
600066,FABBRI CAS,VIA GIUSEPPE FABBRI 482,FERRARA,707971,965748,"44,813044","11,629103",600,725052447
600108,VILLA GULINELLI,VIA FRASBALDA,FERRARA,710152,958445,"44,746731","11,653644",630,725052458
600079,FOSSANOVA SAN MARCO,VIA BASSA FR 39,FERRARA,707872,962890,"44,787372","11,626685",600,725052466
600084,CA CAMPANELLA,VIA BASSA 331,SANT`EGIDIO,710065,958847,"44,750372","11,652712",630,725052468
600086,POSSESSIONE VIGNA,VIA BASSA 153,SANT`EGIDIO,709813,960729,"44,76737","11,650306",630,725052477
600083,GAIBANELLA BASSA,VIA BASSA FR 217,SANT`EGIDIO,710093,960329,"44,763691","11,653675",630,725052483
600076,VILLA MELICA,VIA BASSA 109,FERRARA,708753,961753,"44,77689","11,637344",600,725052489
600055,POSSESSIONE BOSCHETTO,VIA BASSA 168,FERRARA,709045,961463,"44,774196","11,640912",630,725052493
600052,CASE GUASTAVILLANA,VIA BASSA 112,FERRARA,708027,962140,"44,780582","11,628336",600,725052501
600106,SAN BARTOLOMEO POSSESSION,VIA FRASBALDA 44/A,SAN BARTOLOMEO IN BOSCO,709553,957698,"44,74019","11,645779",630,725052503
600034,FABBRI CAS,VIA GIUSEPPE FABBRI 543,FERRARA,707983,965742,"44,812987","11,629252",600,725052509
600080,FOSSANOVA SAN BIAGIO,VIA BASSA 65,FERRARA,707912,962465,"44,783538","11,627017",600,725052513
600049,FABBRI IDROVORA,VIA GIUSEPPE FABBRI 576,TORRE DELLA FOSSA,707384,964208,"44,799366","11,621059",600,725052524
600057,POSSESSIONE VIGNA,VIA BASSA 202,SANT`EGIDIO,709813,960716,"44,767253","11,6503",630,725052527
600050,TORRE FOSSA SAMMARTINA,VIA GIUSEPPE FABBRI 666,TORRE DELLA FOSSA,707270,963691,"44,79475","11,619409",600,725052528
600058,BORGO PANCALDI,VIA BASSA 304,SANT`EGIDIO,710086,959388,"44,755231","11,653199",630,725052529
600107,SAN BARTOLOMEO POSSESSION,VIA FRASBALDA 44,SAN BARTOLOMEO IN BOSCO,709579,957641,"44,73967","11,646083",630,725052538
600046,FABBRI MOSCONI,VIA GIUSEPPE FABBRI 20 M DOPO 352,FERRARA,707411,966726,"44,822002","11,622427",600,725052546
600033,CA PUGLIESE,VIA GIUSEPPE FABBRI 583,FERRARA,707944,964711,"44,803726","11,628338",600,725052547
600054,VILLA MELICA,VIA BASSA FR.109,FERRARA,708765,961731,"44,776688","11,637487",600,725052554
600078,FOSSANOVA SAN BIAGIO,VIA BASSA FR 65,FERRARA,707918,962415,"44,783087","11,627072",600,725052564
600082,GAIBANELLA BASSA,VIA BASSA 199,SANT`EGIDIO,710048,960435,"44,764657","11,653151",630,725052577
600085,BORGO PANCALDI,VIA BASSA FR. VIA PANDOLFINA,SANT`EGIDIO,710093,959385,"44,755202","11,653287",630,725052583
600056,POSSESSIONE LECCIOLE,VIA BASSA FR. 137,FERRARA,709571,960967,"44,769582","11,647349",630,725052590
600070,FABBRI MOSCONI,VIA G.FABBRI INGRESSO PARCO,FERRARA,707417,966726,"44,822","11,622503",600,725052591
600111,SAN BARTOLOMEO CENTRO SPO,VIA SPINAZZINO 6,SAN BARTOLOMEO IN BOSCO,708735,956692,"44,731383","11,635046",630,725101427
600062,BORGO VALLONE,VIA SPINAZZINO 138,SAN BARTOLOMEO IN BOSCO,708875,955562,"44,72118","11,636351",630,725101471
600061,POSSESSIONE CAMPO POMARO,VIA SPINAZZINO 82,SAN BARTOLOMEO IN BOSCO,708798,955844,"44,723738","11,635495",630,725101473
600063,CASE BARALDI,VIA SPINAZZINO FR. 129,SAN BARTOLOMEO IN BOSCO,708966,955232,"44,718186","11,637364",630,725101484
600100,SAN BARTOLOMEO IN BOSCO C,VIA MASI 160,SAN BARTOLOMEO IN BOSCO,708856,956829,"44,732579","11,636629",630,725101485
600105,SAN BARTOLOMEO IN BOSCO C,VIA MASI 89,SAN BARTOLOMEO IN BOSCO,709256,957069,"44,73462","11,641774",630,725101504
600118,SPINAZZINO,VIA DELLA CEMBALINA FR.141,SPINAZZINO,708513,954301,"44,709945","11,63127",630,725101530
600113,CA GAINESA,VIA SPINAZZINO 46,SAN BARTOLOMEO IN BOSCO,708737,956306,"44,727911","11,634914",630,725101534
600104,SAN BARTOLOMEO IN BOSCO S,VIA MASI 116,SAN BARTOLOMEO IN BOSCO,708996,956916,"44,733321","11,638431",630,725101554
600112,POSSESSIONE CAMPO POMARO,VIA SPINAZZINO FR 82,SAN BARTOLOMEO IN BOSCO,708803,955858,"44,723863","11,635563",630,725101596
600115,SAN BARTOLOMEO CENTRO SPO,VIA SPINAZZINO 25,SAN BARTOLOMEO IN BOSCO,708781,956538,"44,729984","11,635564",630,725101628
600064,POSSESSIONE GUIARI,VIA SPINAZZINO 236,FERRARA,709342,954866,"44,714784","11,641956",630,725101661
600114,CA GAINESA,VIA SPINAZZINO 83,SAN BARTOLOMEO IN BOSCO,708735,956361,"44,728406","11,634911",630,725101677
600109,CASE BARALDI,VIA SPINAZZINO 129,SAN BARTOLOMEO IN BOSCO,708970,955241,"44,718265","11,637418",630,725101712
600120,POSSESSIONE GUIARI,VIA SPINAZZINO FR.236,FERRARA,709334,954880,"44,714912","11,641861",630,725101718
600510,SAVONUZZI P. BUOZZI,PLE A.SAVONUZZI 18,PONTELAGOSCURO1,706083,973005,"44,878853","11,608196",600,728346367
600528,BENTIVOGLIO CAVALCAFERROV,VIA BENTIVOGLIO 215,PONTELAGOSCURO,706105,970989,"44,860718","11,607655",600,728346369
600518,VICENZA,VIA VICENZA 18,PONTELAGOSCURO1,706287,973196,"44,880512","11,610854",600,728346374
600487,SOLVAY,VIA G. MARCONI,FERRARA,705660,971156,"44,862348","11,602096",600,728346401
600317,VALLELUNGA AIRONE,VIA VALLELUNGA 51,PONTELAGOSCURO1,705114,973126,"44,880222","11,595989",600,728346406
600525,CORSO POPOLO MINIERA,P.ZZA DEL POPOLO 110,PONTELAGOSCURO1,706022,972501,"44,874339","11,607219",600,728346420
600536,BENTIVOGLIO CAVALCAFERROV,VIA BENTIVOGLIO F21,FERRARA,706090,970957,"44,860434","11,607452",600,728346424
600523,CORSO POPOLO DE AMICIS,CSO DEL POPOLO 62,PONTELAGOSCURO1,706075,972618,"44,875375","11,607937",600,728346438
600483,MONTESUD,VIA MARCONI 230,FERRARA,705610,970707,"44,858325","11,601282",600,728346456
600529,BENTIVOGLIO PANARO,VIA BENTIVOGLIO 26,PONTELAGOSCURO,705924,971667,"44,866867","11,605641",600,728346469
600517,VALLELUNGA BOICELLI,VIA VALLELUNGA 17,PONTELAGOSCURO1,705369,972992,"44,878943","11,59916",600,728346476
600521,CORSO POPOLO DE AMICIS,CSO DEL POPOLO 40,PONTELAGOSCURO1,706154,972785,"44,876854","11,609004",600,728346489
600527,BENTIVOGLIO FIORINO,VIA BENTIVOGLIO 8 A,FERRARA,705871,971971,"44,869616","11,605095",600,728346502
646001,S.M. MADDALENA OSPEDALE,,ROVIGO,706214,974614,"44,893285","11,610507",600,728346523
600514,ROMITO,VIA G.ROMITO F34,PONTELAGOSCURO1,705697,972816,"44,877265","11,603237",600,728346534
600484,CARTIERE BURGO,VIA MARCONI 67,FERRARA,705611,970850,"44,85961","11,601352",600,728346538
600526,CORSO POPOLO P. BUOZZI,P.ZZA DEL POPOLO 21,PONTELAGOSCURO1,706233,972944,"44,878261","11,610068",600,728346541
646000,S.M. MADDALENA OSPEDALE,,ROVIGO,706241,974583,"44,892998","11,610836",600,728346560
600548,BARCO INDIPENDENZA,VIA DELL`INDIPENDENZA F19,PONTELAGOSCURO,706196,970992,"44,860718","11,608807",600,728346564
600509,VENEZIA,VIA VENEZIA F65,PONTELAGOSCURO1,706261,973604,"44,884188","11,610691",600,728346568
600402,VENEZIANI LEONCAVALLO (AD,VIA V.VENEZIANI 52,FERRARA,704931,966229,"44,81825","11,59089",600,730945339
600417,BELA BARTOK,,FERRARA,704624,966077,"44,816972","11,58695",600,730945342
600429,KRASNODAR NIEVO,VLE KRASNODAR 241,FERRARA,705368,967134,"44,826263","11,596777",600,730945352
600414,VENEZIANI FERRARESI,VIA V.VENEZIANI,FERRARA,704856,966117,"44,817265","11,589897",600,730945361
600421,FIERA,,FERRARA,704516,965887,"44,815294","11,585509",600,730945382
600433,KRASNODAR COLLODI,VLE KRASNODAR 179,FERRARA,705639,966890,"44,823991","11,600103",600,730945401
600435,KRASNODAR LABRIOLA,VLE KRASNODAR 43,FERRARA,705757,966674,"44,822014","11,601506",600,730945412
600444,VERGA FALCONE,VIA G.VERGA F116,FERRARA,705431,966828,"44,823493","11,597449",600,730945414
600413,VENEZIANI LEONCAVALLO (AD,VIA V.VENEZIANI,FERRARA,704913,966282,"44,818732","11,590684",600,730945478
600431,KRASNODAR POETI,VLE KRASNODAR 215,FERRARA,705490,967042,"44,825401","11,598281",600,730945482
600234,PIANGIPANE KENNEDY,VIA PIANGIPANE,FERRARA,706852,967941,"44,833091","11,615858",600,732026316
600023,SAN MARTINO CENTRO,VIA CHIESA 377,SAN MARTINO,704778,961808,"44,778536","11,587178",640,737501286
600093,SGARBATA IDROVORO,VIA SGARBATA FR.103,FERRARA,705513,957628,"44,740734","11,594774",630,737501294
600127,CORAZZA BOLOGNA,VIA CORAZZA 4,SAN MARTINO,703835,962470,"44,78476","11,575536",640,737501316
600126,BUTTIFREDO CORAZZA,VIA BUTTIFREDO 75,SAN MARTINO,704537,961692,"44,777562","11,584089",640,737501321
600090,SGARBATA SECONDA,VIA SGARBATA 6,FERRARA,704401,960090,"44,763194","11,581729",630,737501328
600135,SAN MARTINO CENTRO,VIA CHIESA 182,SAN MARTINO,704773,961817,"44,778619","11,587119",640,737501362
600134,SAN MARTINO BERLINGUER,VIA CHIESA FR293,SAN MARTINO,704926,961904,"44,779357","11,589086",640,737501368
600035,SGARBATA BORGO BASSI,VIA SGARBATA FR. 287,FERRARA,707960,957525,"44,7391","11,625608",630,737501374
600044,VIA SGARBATA CA` PATINA,VIA SGARBATA FR. 4,FERRARA,704238,960408,"44,766101","11,579799",630,737501381
600099,SGARBATA,VIA SGARBATA 84,FERRARA,704684,959028,"44,753562","11,584875",630,737501399
600095,SGARBATA BORGO COLOMBARA,VIA SGARBATA 246,FERRARA,707340,957447,"44,738578","11,617754",630,737501418
600133,SAN MARTINO SCUOLE,VIA M.BISI 23,SAN MARTINO,705058,962122,"44,78128","11,59084",640,737501439
600097,SGARBATA LA MOLINETTA,VIA SGARBATA 320,FERRARA,708489,957371,"44,73756","11,63222",630,737501489
600025,SAN MARTINO BUTTIFREDO,VIA BUTTIFREDO FR. 19,SAN MARTINO,704185,961188,"44,77313","11,579442",640,737501513
600089,BORGO RICOVERO,VIA SGARBATA 30,FERRARA,704533,959759,"44,76018","11,583263",630,737501578
600125,BUTTIFREDO CORAZZA,VIA BUTTIFREDO 106,SAN MARTINO,704559,961714,"44,777754","11,584375",640,737501603
600096,SGARBATA BORGO BASSI,VIA SGARBATA 284,FERRARA,707957,957519,"44,739046","11,625568",630,737501609
600137,SAN MARTINO CASE A SCHIER,VIA BUTTIFREDO 33F,FERRARA,704430,961383,"44,774814","11,582614",640,737501625
600140,UCCELLINO,VIA BOLOGNA F 792,FERRARA,703572,963129,"44,790761","11,572479",640,737501667
600567,BELLINI,VIA V.BELLINI 48,POROTTO,701665,969710,"44,850488","11,551005",600,739405870
600755,POROTTO,DI SAN MATTEO DELLA DECIMA 17,POROTTO,701630,969886,"44,85208","11,550632",600,739405905
600563,LADINO,VIA LADINO 71,POROTTO,701560,969342,"44,847208","11,549531",600,739405919
600568,VIA CENTO CANALINA,VIA CENTO 8,POROTTO,701580,969871,"44,85196","11,549994",600,739405936
600564,LADINO SCUOLE ELEMENTARI,VIA LADINO 47,POROTTO,701668,969572,"44,849246","11,550988",600,739405953
600560,LADINO SCUOLE ELEMENTARI,VIA LADINO F57,POROTTO,701626,969511,"44,848709","11,550433",600,739405958
600559,LADINO,VIA LADINO 94,POROTTO,701529,969262,"44,846497","11,549107",600,739405974
600313,COMACCHIO VAL MEZZANO [62,VIA COMACCHIO 244,FERRARA,708851,966714,"44,821473","11,640617",600,739514936
600314,COMACCHIO VAL MEZZANO [62,VIA COMACCHIO 249,FERRARA,708880,966709,"44,82142","11,640981",600,739515029
600311,COMACCHIO MANDORLO [621],VIA COMACCHIO 164,FERRARA,708634,966796,"44,822274","11,637909",600,739515111
600637,CONA BV CIMITERO,VIA COMACCHIO 1079,CONA,714523,965087,"44,805158","11,711595",600,739515210
600652,CONA TRIGABOLI,VIA TRIGABOLI,CONA,714225,965273,"44,80692","11,707909",600,739515218
600353,CITTA` DEL RAGAZZO,VIA COMACCHIO angolo Don Calabria,FERRARA,710618,966490,"44,818939","11,66285",600,739515249
600365,CONA,VIA COMACCHIO F67,FERRARA,714208,965180,"44,806089","11,707655",600,739515275
600651,CONA TRIGABOLI,VIA TRIGABOLI 29,CONA,714225,965287,"44,807046","11,707915",600,739515286
600359,COCOMARO DI CONA,VIA COMACCHIO 378,COCCOMARO DI CONA,712206,965806,"44,812317","11,682628",600,739515324
600366,CONA,VIA COMACCHIO 967,CONA,714223,965192,"44,806192","11,70785",600,739515375
600367,CONA CHIESA,VIA COMACCHIO 562,CONA,714751,965025,"44,804532","11,714448",600,739515378
600656,COCOMARO DI CONA IV KM. -,VIA COMACCHIO,COCCOMARO DI CONA,711909,965956,"44,813754","11,678939",600,739515400
607138,VILLANOVA,VIA MASSAFISCAGLIA 312,VILLANOVA,721962,968673,"44,835123","11,807116",621,747030578
600914,BIVIO PARASACCO,VIA DEL MARE F537,FERRARA,726793,965630,"44,80624","11,866803",621,747030633
607144,PONTE FOSSALTA,VIA MASSAFISCAGLIA 130,FERRARA,718612,969853,"44,846769","11,765291",620,747030651
600693,PONTE ADDOLORATA,VIA ROMEA NORD,FERRARA,717341,969696,"44,845747","11,749158",620,747030656
609017,BIVIO CODIFERRO,VIA NEVATICA F4,FORMIGNANA,726804,968557,"44,832553","11,868248",621,747030660
600705,CONTRAPO` BIVIO CODREA,VIA TAMBELLINA,FERRARA,714779,967579,"44,827489","11,715881",620,747030673
609006,POSSESIONE DI MEZZO,VIA BRAZZOLO 24,FORMIGNANA,727334,970348,"44,848487","11,875746",621,747030680
607052,BATANA,FERRARA - FORMIGNANA F112,COPPARO,721052,969379,"44,841754","11,795924",621,747030690
609026,BAR LANTERNINO,VIA BRAZZOLO 6,FORMIGNANA,726608,969584,"44,841849","11,866229",621,747030740
624025,TRESIGALLO OSPEDALE,VIA DELLO SPORT 1,TRESIGALLO,729388,966800,"44,815929","11,900104",621,747030743
600694,PONTE ADDOLORATA,VIA ROMEA NORD,FERRARA,717369,969696,"44,845739","11,749512",620,747030819
609020,FORMIGNANA CARABINIERI,COPPARO - MIGLIARINO 1,FORMIGNANA,725779,969559,"44,841888","11,855742",621,747030822
624003,SAIPO,VIA DEL MARE 153,TRESIGALLO,728414,966807,"44,816305","11,887804",621,747030824
600707,CA` GRILLANDA,VIA MASSAFISCAGLIA 506,FERRARA,725603,966947,"44,818459","11,852358",621,747030856
609019,FORMIGNANA ROTONDA,COPPARO - MIGLIARINO F63,FORMIGNANA,726017,969156,"44,838189","11,85857",621,747030866
600697,BORGO TARAPINO,FERRARA - FORMIGNANA F249,FERRARA,716679,969452,"44,843755","11,740687",620,747030871
607046,FOSSALTA CHIESA,FERRARA - FORMIGNANA 153,FOSSALTA,718739,970205,"44,849895","11,767047",620,747030877
600916,BIVIO VALPAGLIARO,VIA POMPOSA,FERRARA,726271,965806,"44,807989","11,860289",621,747030901
600880,CODREA VIA TRAVERSA,VIA TAMBELLINA 132,CODREA,714807,966886,"44,821249","11,715942",620,747030903
600912,CODREA BIVIO ROSSONIA,VIA TAMBELLINA,FERRARA,714759,967413,"44,826002","11,715558",620,747030910
607041,GARDI,FERRARA - FORMIGNANA 60,COPPARO,723851,969086,"44,838244","11,831168",621,747030921
609004,BORGO VACCARI,VIA BRAZZOLO 8,FORMIGNANA,726860,969736,"44,843136","11,869482",621,747030948
600698,BORGO FEROCI,FERRARA - FORMIGNANA 209,FERRARA,716168,969226,"44,841878","11,734132",620,747030952
609024,FORMIGNANA,PIAZZA BRIGHENTI 5,FORMIGNANA,726188,969617,"44,84228","11,860936",621,747030960
607050,BASTAROLO,FERRARA - FORMIGNANA 139,COPPARO,719741,969681,"44,844875","11,779486",620,747030968
600676,PALAZZINA,VIA DEL MARE 344,FERRARA,715629,967528,"44,826773","11,726599",620,747030977
624006,PALMOLIVE,VIA DEL MARE 4,FINALE DI RERO,727856,966158,"44,810648","11,880465",621,747030983
609013,VIA NEVATICA 40,VIA NEVATICA 40,FORMIGNANA,727338,967996,"44,827339","11,874744",621,747030995
607040,GARDI,FERRARA - FORMIGNANA F60,SABBIONCELLO SAN VITTORE,723825,969106,"44,838432","11,830848",621,747031007
607049,FOSSALTA,FERRARA - FORMIGNANA 9,FOSSALTA,718636,970218,"44,850044","11,765751",620,747031020
607082,VIA MARCHESA 54,VIA MARCHESA,COPPARO,722332,970464,"44,85111","11,812576",621,747031028
600883,IL SOSTEGNO [918],VIA TAMBELLINA F173,CONA,714572,965557,"44,809369","11,712412",620,747031042
609005,BORGO VACCARI,VIA BRAZZOLO 73,FORMIGNANA,726823,969712,"44,842932","11,869003",621,747031043
624019,TRESIGALLO,PIAZZA DEL POPOLO,TRESIGALLO,729095,967172,"44,819367","11,89657",621,747031044
600699,BORGO FEROCI,FERRARA - FORMIGNANA F215,FERRARA,716224,969249,"44,842068","11,73485",620,747031046
609012,FORMIGNANA ROTONDA,COPPARO - MIGLIARINO 61,FORMIGNANA,726018,969187,"44,838467","11,858596",621,747031049
607047,FOSSALTA CHIESA,FERRARA - FORMIGNANA 184,FOSSALTA,718710,970233,"44,850156","11,766693",620,747031060
607045,SABBIONCELLO SAN VITTORE,FERRARA - FORMIGNANA 44,SABBIONCELLO SAN VITTORE,723415,969113,"44,838624","11,82567",621,747031067
600654,SP 15 BV VALPAGLIARO DIR.,VIA POMPOSA,FERRARA,726931,965596,"44,805891","11,868531",621,747031080
624002,TRESIGALLO OSPEDALE,VIA DELLO SPORT F1,TRESIGALLO,729393,966824,"44,816143","11,900178",621,747031091
607043,SABBIONCELLO SAN VITTORE,FERRARA - FORMIGNANA 50,SABBIONCELLO SAN VITTORE,723409,969117,"44,838662","11,825596",621,747031097
600691,ALBAREA,VIA MASSAFISCAGLIA 409,ALBAREA,720798,969116,"44,839468","11,7926",620,747031108
607039,LA MENSA,VIA TORRE,COPPARO,724485,968736,"44,834898","11,839025",621,747031144
607080,SABBIONCELLO SAN PIETRO,VIA MARCHESA 4,SABBIONCELLO SAN PIETRO,722511,969621,"44,843475","11,814469",621,747031150
607048,FOSSALTA,FERRARA - FORMIGNANA 18,FOSSALTA,718601,970192,"44,849821","11,765298",620,747031158
624005,PALMOLIVE,VIA DEL MARE 59,FINALE DI RERO,727812,966140,"44,810501","11,879901",621,747031170
600702,BIVIO BAURA,BIVIO PASSO SEGNI - CORREGGIO 58,FERRARA,714964,968752,"44,837981","11,718714",620,747031178
600692,ALBAREA,VIA MASSAFISCAGLIA 248,ALBAREA,720820,969093,"44,839254","11,792868",620,747031181
607142,VICONOVO,VIA MASSAFISCAGLIA,VICONOVO,718927,969608,"44,84447","11,769166",620,747031193
600664,PAROLINO,VIA DEL MARE 450,FERRARA,719882,967519,"44,825392","11,780332",620,747031200
600650,CONA TAMBELLINA [919],VIA TAMBELLINA 326,CONA,714415,965243,"44,806593","11,710296",600,747031210
607145,PONTE FOSSALTA,PONTE DI VICONOVO,FERRARA,718606,969871,"44,846933","11,765223",620,747031215
600688,BIVIO DENORE VIA MASSAFIS,VIA MASSAFISCAGLIA 537,FERRARA,723374,968754,"44,835409","11,824994",621,747031222
600678,BIVIO CONTRAPO`,VIA DEL MARE F369,FERRARA,716349,967549,"44,826744","11,735706",620,747031225
609000,CA` ORSETTO,VIA MASSAFISCAGLIA 458,FERRARA,724910,967403,"44,822778","11,843805",621,747031243
624004,SAIPO,TRESIGALLO - JOLANDA DI SAVOIA 11,TRESIGALLO,728494,966907,"44,817178","11,888859",621,747031250
600682,VIA DEL MARE 381,VIA DEL MARE 381,FERRARA,717004,967601,"44,827012","11,744004",620,747031263
600236,FRUTTETI,VIA DEI FRUTTETI 143,FERRARA,709174,968196,"44,834706","11,645308",600,747869799
600240,FRUTTETI MELO,VIA DEI FRUTTETI 78,FERRARA,708697,968341,"44,83615","11,639339",600,747869820
600238,FRUTTETI CALDIROLO,VIA DEI FRUTTETI F 3,FERRARA,708477,968413,"44,836861","11,636588",600,747869834
600243,CALDIROLO,VIA CALDIROLO 140,FERRARA,708415,968720,"44,83964","11,635931",600,748838583
600602,GIOVANNI XXIII,via GIOVANNI XXIII 55,FERRARA,708566,968983,"44,841961","11,637947",600,748838592
600251,BORGO PUNTA,VIA BORGO PUNTA 92,FERRARA,708691,969186,"44,84375","11,639611",600,748838627
600244,CALDIROLO,VIA CALDIROLO 91,FERRARA,708411,968727,"44,839704","11,635883",600,748838631
600256,COPPARO MORARI,COPPARO 122,FERRARA,709138,969412,"44,845651","11,645354",600,748838634
600250,BORGO PUNTA,VIA BORGO PUNTA 193,FERRARA,708687,969132,"44,843266","11,639538",600,748838651
600175,CONTRADA DEL MIRASOLE ARI,CONTRADA DEL MIRASOLE,FERRARA,706912,969343,"44,845681","11,617188",600,750797643
600452,FORO BOARIO,VIA FORO BOARIO F24,FERRARA,706061,967230,"44,826926","11,605573",600,750797647
600183,PALESTRO MASCHERAIO,VIA PALESTRO 63,FERRARA,707496,968714,"44,839855","11,624313",600,750797653
600184,PALESTRO DE PISIS,VIA PALESTRO 35,FERRARA,707430,968532,"44,838237","11,623404",600,750797678
600176,ARIOSTO CORSO ROSSETTI,VIA ARIOSTO 57,FERRARA,706877,969103,"44,843533","11,616647",600,750797685
600222,PORTA S. PIETRO,VIA C.MAYR 126,FERRARA,707450,967607,"44,829913","11,623279",600,751093270
600218,CARLO MAYR P. VERDI,VIA C.MAYR 76,FERRARA,707188,967790,"44,831635","11,620043",600,751093347
600200,S. MAURELIO [240],VLE ALFONSO I D`ESTE 82,FERRARA,707937,967018,"44,824475","11,629193",600,751093365
600226,MUSEO DI SPINA,VIA XX SETTEMBRE F 117,FERRARA,707773,967340,"44,827418","11,627252",600,751093382
600299,VIA NAVIGLIO,VIA NAVIGLIO 24,FERRARA,708907,967265,"44,826412","11,641551",600,751093407
600300,POLONIA CALDIROLO,VIA PARACELSO 5,FERRARA,708479,967250,"44,826402","11,636136",600,751093414
600228,PORTA ROMANA,VIA XX SETTEMBRE 189,FERRARA,707967,967259,"44,826633","11,62967",600,751093451
600301,PARACELSO,VIA POLONIA 14,FERRARA,708541,967114,"44,825161","11,636864",600,751093467
600216,CARLO MAYR S. ROMANO,VIA C.MAYR 40\A,FERRARA,707048,967923,"44,832872","11,618328",600,751093476
600223,PORTA S. PIETRO,VIA PORTA S.PIETRO 59,FERRARA,707475,967561,"44,829492","11,623576",600,751093529
600227,MUSEO DI SPINA,VIA XX SETTEMBRE 117,FERRARA,707734,967372,"44,827717","11,626772",600,751093553
600224,XX SETTEMBRE GHISIGLIERI,VIA XX SETTEMBRE 54,FERRARA,707529,967453,"44,828505","11,624215",600,751093610
600302,COLOMBAROLA,VIA COLOMBAROLA 78,FERRARA,708272,967047,"44,824638","11,633438",600,751093638
600220,CARLO MAYR GIUOCO DEL PAL,VIA C.MAYR 106,FERRARA,707328,967682,"44,830623","11,621768",600,751093643
600269,CALZOLAI CONCA,VIA DEI CALZOLAI 147,FERRARA,709006,970909,"44,859152","11,644302",600,752658149
600547,VIA INDIPENDENZA - ELEMEN,VIA DELL`INDIPENDENZA 44,PONTELAGOSCURO,706205,970822,"44,859187","11,608851",600,752658169
600293,POMPOSA JUGOSLAVIA,VIA POMPOSA 94,FERRARA,708736,967528,"44,828827","11,639498",600,752658180
600538,BENTIVOGLIO GUERCINO,VIA BENTIVOGLIO 180,PONTELAGOSCURO,706159,970713,"44,85822","11,608225",600,752658193
600271,CALZOLAI CORREGGIOLI,VIA DEI CALZOLAI 67,FERRARA,708615,970326,"44,854024","11,639118",600,752658234
600540,BENTIVOGLIO SCARSELLINO,VIA BENTIVOGLIO 204,PONTELAGOSCURO,706209,970515,"44,856425","11,608777",600,752658291
600272,CALZOLAI CONCA,VIA DEI CALZOLAI 134,FERRARA,709043,970946,"44,859474","11,644785",600,752658296
600599,CALZOLAI ZANATTA,VIA DEI CALZOLAI 19,FERRARA,708627,969497,"44,846566","11,638929",600,752658305
600145,PIAVE VITTORIO VENETO,CSO PIAVE 21,FERRARA,706272,968571,"44,838925","11,608784",600,752658311
600553,ALLENDE MEDINI,VIA S.ALLENDE 125,PONTELAGOSCURO,706178,970228,"44,853853","11,608269",600,752658320
600597,GELSOMINI GLADIOLI,VIA DEI GELSOMINI 18,MALBORGHETTO DI BOARA,709291,971154,"44,861271","11,648006",600,752658328
600268,CALZOLAI PANNONIUS,VIA DEI CALZOLAI 54,FERRARA,708566,969884,"44,850064","11,638317",600,752658349
600252,BORGO PUNTA SUORE,VIA DON G.ZANARDI 157,FERRARA,708725,968958,"44,84169","11,639947",600,752658357
600295,POMPOSA LA NAVE,VIA POMPOSA 52,FERRARA,708504,967665,"44,830127","11,636623",600,752658413
600273,CALZOLAI PANNONIUS,VIA DEI CALZOLAI 37,FERRARA,708559,969849,"44,849751","11,638214",600,752658431
600277,CONCA S.MARGHERITA,VIA CONCA F272,MALBORGHETTO DI BOARA,709678,970654,"44,856661","11,652693",600,752658445
600598,AGRIFOGLIO FORMIA,,MALBORGHETTO DI BOARA,709229,971312,"44,86271","11,647287",600,752658454
600657,PONTEGRADELLA - PASSERELL,FERRARA - FORMIGNANA 137,FERRARA,709727,968175,"44,834354","11,652288",600,760259947
600265,VIA PIOPPA - VIA COPPARO,VIA PIOPPA 15,PONTEGRADELLA,710392,969546,"44,846487","11,66126",600,760259962
600267,PONTEGRADELLA,VIA PIOPPA,PONTEGRADELLA,710526,968761,"44,839388","11,662629",600,760259965
600761,PONTEGRADELLA - PASSERELL,FORMIGNANA F137,FERRARA,709739,968174,"44,834342","11,652439",600,760259987
600264,PIOPPA SCUOLE,VIA PIOPPA 102,PONTEGRADELLA,710484,969036,"44,841873","11,662212",600,760260107
600263,PIOPPA SCUOLE,VIA PIOPPA 109,PONTEGRADELLA,710513,969137,"44,842773","11,66262",600,760260145
607065,PRIMICELLO,COPPARO 54,COPPARO,720959,974677,"44,889419","11,797056",612,760300890
607054,COPPARO EX.MAGLIFICIO,COPPARO 29,COPPARO,721525,974679,"44,889261","11,804216",612,760300912
607076,PRIMICELLO,COPPARO 63,COPPARO,720971,974675,"44,889397","11,797207",612,760300927
600278,VIA CRISPA 1A [906],,FERRARA,710988,968069,"44,833028","11,66818",600,763109443
600289,CASA DI RIPOSO - BIVIO PR,VIA POMPOSA,FERRARA,709928,967366,"44,82702","11,654494",600,763109487
600288,VIA PIOPPA - CA CERESA [9,VIA PIOPPA 329,FERRARA,710263,967454,"44,827713","11,658764",600,763109492
600287,VIA PIOPPA - CA CERESA [9,VIA PIOPPA 342,FERRARA,710259,967439,"44,827579","11,658707",600,763109632
600282,VIA CRISPA 3A [908],,FOCOMORTO,711878,968058,"44,832665","11,679423",600,763109655
600284,VIA CRISPA 1A [906],,FERRARA,710866,968106,"44,833397","11,666654",600,763109670
600285,VIA PIOPPA 2A [905],VIA PIOPPA,FERRARA,710299,967814,"44,830939","11,659368",600,763109715
600286,VIA PIOPPA 2A [905],VIA PIOPPA,FERRARA,710307,967819,"44,830982","11,659471",600,763109826
600280,VIA CRISPA 2A [907],,FOCOMORTO,711534,968032,"44,832534","11,675065",600,763109888
600665,BIVIO FOCOMORTO,VIA DEL MARE 260,FERRARA,711575,967312,"44,826047","11,675284",600,763109956
646011,OCCHIOBELLO CENTRO SCARPA,VIA ERIDANIA C/O DALLA VILLA CENTRO SCAR,,705322,976860,"44,913741","11,600133",0,781534584
646009,OCCHIOBELLO AGIP VIA ERID,VIA ERIDANIA FR SOMEF ( ?),,705630,975383,"44,900369","11,603431",0,781534839
646007,S.MARIA MADDALENA BAR CUB,VIA ERIDANIA ANG VIA GRAMSCI,ROVIGO,705927,974788,"44,894933","11,606947",600,781534884
600802,OFFICINA BONETTI,VIA BECCARI 90,CASAGLIA,700041,975576,"44,903701","11,532788",662,794160050
600807,CA VIDARA,VIA BECCARI FR 181,FERRARA,698985,976512,"44,912415","11,519793",662,794160091
600785,DUE PEZZI - OPEL,VIA ERIDANO 22,FERRARA,704398,970141,"44,853584","11,585729",600,794160092
603042,BONDENO EX AUTOSTAZIONE,VIA PIRONI ANTONIO 41,BONDENO,690930,973488,"44,887428","11,4167",663,794160112
600786,DUE PEZZI - OPEL,VIA ERIDANO 13,MIZZANA,704409,970115,"44,853347","11,585858",600,794160133
600798,CASAGLIA SCUOLE,VIA RANUZZI 111,FERRARA,700619,975308,"44,901127","11,539996",662,794160134
600790,TRE CASETTE,BONDENO - FERRARA 51,FERRARA,702152,973353,"44,883111","11,558613",662,794160145
600808,CA VIDARA,VIA BECCARI 179,FERRARA,698979,976496,"44,912273","11,51971",662,794160149
600801,CASAGLIA,VIA RANUZZI 16,CASAGLIA,700237,975261,"44,900813","11,535143",662,794160158
603044,BONDENO VIALE MATTEOTTI,VIALE MATTEOTTI GIACOMO 54,BONDENO,690962,973883,"44,890972","11,417253",663,794160163
600795,CA GUIRINA,BONDENO - FERRARA 79,FERRARA,701618,974097,"44,889954","11,552155",662,794160174
600788,CAMPO LODI - CASELLO FERR,VIA ERIDANO,FERRARA,703339,971666,"44,867602","11,572952",600,794160178
603043,BONDENO EX AUTOSTAZIONE,VIA PIRONI ANTONIO 110,BONDENO,690888,973522,"44,887745","11,416181",663,794160186
600783,VIA ERIDANO,VIA ERIDANO 2,FERRARA,704711,969655,"44,849123","11,589491",600,794160199
600789,TRE CASETTE,BONDENO - FERRARA 92,FERRARA,702129,973407,"44,883604","11,558344",662,794160212
600784,VIA ERIDANO,VIA ERIDANO 1,MIZZANA,704702,969664,"44,849207","11,58938",600,794160217
600792,LA VOLPE,BONDENO - FERRARA F126,FERRARA,701826,973879,"44,887934","11,554699",662,794160218
603131,VIA GIORDANO BRUNO 43,VIA GIORDANO BRUNO,BONDENO,690917,973817,"44,89039","11,416659",663,794160219
603094,SALVATONICA IL CAPITELLO,BONDENO - FERRARA 93,SALVATONICA,693300,977900,"44,926468","11,448369",663,801955594
600827,PORPORANA,VIA PALANTONE 27,PORPORANA,695294,977729,"44,924385","11,473547",662,801955603
603040,BONDENO PONTE RANA,VIA VIRGILIANA 20,BONDENO,690544,973475,"44,887414","11,411811",663,801955606
603023,BONDENO PONTE MOTTE,BORGO SAN GIOVANNI,BONDENO,691838,973129,"44,883954","11,428051",663,801955617
603092,VILLA CIPRESSI,VIA COMUNALE [ GAVELLO ] 447,BONDENO,678675,977620,"44,92778","11,263097",665,801955638
603018,LE MURAGLIE - SAMAN,VIA SAN BIAGIO,BONDENO,691840,975048,"44,901213","11,428804",663,801955650
600822,PODERE BOARIA GRANDE,BONDENO - FERRARA 270,FERRARA,696013,977823,"44,925032","11,482685",662,801955659
603070,MULINO SCACCHETTI,VIA PROVINCIALE [ SCORTICHINO ] 171,BONDENO,683364,973171,"44,886568","11,320856",665,801955671
603101,LA ZANFOGNINA,BONDENO - FERRARA 167,BONDENO,692296,977556,"44,923647","11,435527",663,801955674
603089,REDENA,VIA COMUNALE [ GAVELLO ] 246,BONDENO,679785,976891,"44,920943","11,276893",665,801955681
603072,SALVATONICA,BONDENO - FERRARA 71,SALVATONICA,693554,977690,"44,92451","11,451504",663,801955682
603020,OSPITALE,VIA SAN BIAGIO,BONDENO,691970,974042,"44,89213","11,430067",663,801955685
603057,DOSSO ALTO,BONDENO - FINALE EMILIA 105,BONDENO,688047,972592,"44,880137","11,379891",663,801955711
600823,PODERE BOARIA GRANDE,BONDENO - FERRARA 287,FERRARA,696056,977854,"44,925299","11,483242",662,801955733
600821,PODERE NOVELLE,BONDENO - FERRARA 273,FERRARA,696431,977904,"44,925645","11,488008",662,801955744
603062,BORGO PIVA,BONDENO - FINALE EMILIA 37,BONDENO,686354,972491,"44,879674","11,358436",663,801955760
600820,PODERE NOVELLE,BONDENO - FERRARA 256,FERRARA,696415,977902,"44,925631","11,487805",662,801955772
603077,LE CHIAVICHE,VIA ARGINE CAGNETTO [ GAVELLO ] 79,BONDENO,683225,975604,"44,908487","11,319978",665,801955780
603049,PONTE RODONI,VIA VIRGILIANA,BONDENO,693551,971501,"44,868848","11,449101",663,801955789
603052,PIANO BENZOINI,BONDENO - FINALE EMILIA 34,BONDENO,689652,973164,"44,884856","11,400409",663,801955794
603059,CASINO DELLE SUORE,BONDENO - FINALE EMILIA 9,BONDENO,687068,972518,"44,87973","11,367479",663,801955816
603047,SALVATONICA CHIESA,BONDENO - FERRARA 19,SALVATONICA,693720,977349,"44,921398","11,453475",663,801955821
603015,SAN BIAGIO IL PALAZZO - C,BONDENO - FERRARA 94,SAN BIAGIO,691956,976949,"44,918279","11,430993",663,801955837
603075,CA ROSSA VIA CHIAVICA,VIA ARGINE CAGNETTO [ GAVELLO ] 61,BONDENO,682747,974169,"44,895703","11,313409",665,801955849
603014,SAN BIAGIO IL PALAZZO,BONDENO - FERRARA 71,SAN BIAGIO,691949,976879,"44,917652","11,430877",663,801955861
622035,VIGARANO PIEVE,VIRGILIANA 70,VIGARANO PIEVE,698530,970855,"44,861666","11,511817",660,801955863
603080,LA FORNETTA,VIA COMUNALE [ GAVELLO ] 28,BONDENO,682006,976123,"44,913469","11,304735",665,801955885
600810,RAVALLE CHIESA,BONDENO - FERRARA 219,RAVALLE,698384,978102,"44,926882","11,51281",662,801955887
603076,LE CHIAVICHE,VIA ARGINE CAGNETTO [ GAVELLO ] F79,BONDENO,683240,975627,"44,90869","11,320176",665,801955927
603025,BONDENO VIA BORGATTI,VIA BORGATTI TENENTE MARIANO 54,BONDENO,691432,972773,"44,880862","11,422781",663,801955931
622032,BIVIO DIAMANTINA,VIRGILIANA 321,VIGARANO PIEVE,697984,971890,"44,871127","11,505317",660,801955950
603039,BONDENO OSPEDALE,VIA VIRGILIANA,BONDENO,690825,972898,"44,882149","11,415149",663,801955953
603009,LA ZANFOGNINA - IURLO,BONDENO - FERRARA 164,BONDENO,692340,977589,"44,923932","11,436097",663,801955982
603021,OSPITALE,VIA SAN BIAGIO,OSPITALE,691979,974074,"44,892416","11,430193",663,801955996
603081,LA FORNETTA,VIA COMUNALE [ GAVELLO ] 35,BONDENO,682016,976099,"44,913251","11,304853",665,801956005
603071,CAGNETTO,VIA ARGINE CAGNETTO [ SCORTICHINO ] F37,BONDENO,682665,973673,"44,891263","11,312193",665,801956011
603008,LA STALLA,BONDENO - FERRARA F247,BONDENO,694415,977561,"44,923115","11,462354",663,801956024
603068,SCORTICHINO,VIA PROVINCIALE [ SCORTICHINO ] 151,SCORTICHINO,684184,972755,"44,882614","11,33108",663,801956064
603016,SAN BIAGIO DI BONDENO,BONDENO - FERRARA 57,SAN BIAGIO,691938,976684,"44,915901","11,430664",663,801956083
603051,MAGLIFICIO TASSI,VIALE XX SETTEMBRE,BONDENO,690385,973521,"44,887871","11,409817",663,801956098
603026,BONDENO VIA BORGATTI,VIA BORGATTI TENENTE MARIANO F54,BONDENO,691455,972797,"44,881072","11,423081",663,801956115
603074,CA ROSSA VIA CHIAVICA,VIA ARGINE CAGNETTO [ GAVELLO ] F61,BONDENO,682760,974173,"44,895736","11,313575",665,801956117
622034,VIGARANO PIEVE,VIRGILIANA F76,VIGARANO PIEVE,698515,970886,"44,861949","11,51164",660,801956128
603017,SAN BIAGIO DI BONDENO,BONDENO - FERRARA 36,SAN BIAGIO,691948,976726,"44,916276","11,430807",663,801956135
611033,LAGOSANTO AL PONTE [128**,VIA SPINA N.28,LAGOSANTO,748618,961572,"44,762481","12,140411",628,825928882
604040,CENTO BILLA,VIA FERRARESE 32,CENTO,681863,957166,"44,742989","11,296141",650,923948533
621008,DOSSO,DI SAN MATTEO DELLA DECIMA 374,DOSSO,685030,960089,"44,768468","11,337172",650,923948542
621021,SANT`AGOSTINO CONTEA,DI SAN MATTEO DELLA DECIMA 106,SANT`AGOSTINO,689494,962979,"44,793291","11,394611",661,923948543
600711,MONTALBANO,PORRETTANA 1030,FERRARA,703901,959186,"44,755207","11,575056",643,923948545
621003,CERAMICHE SANT`AGOSTINO,DI SAN MATTEO DELLA DECIMA 249,SANT`AGOSTINO,687558,962530,"44,789764","11,36999",661,923948562
616002,MIRABELLO CIMITERO,CORSO ITALIA 454,MIRABELLO,694333,966412,"44,822865","11,457043",661,923948563
600628,VIA AEROPORTO 2/B,VIA DELL`AEROPORTO 2/B,FERRARA,706123,966586,"44,821117","11,606095",600,923948564
600764,HOTEL CATENA,VIA CATENA 56,FONDO RENO,702119,967908,"44,834153","11,556027",600,923948579
618007,PODERE SAN LEA,VIA CORONELLA 201,POGGIO RENATICO,698624,963145,"44,7923","11,509993",647,923948590
600304,VIA RICCIARELLI 1A [614],VIA A.RICCIARELLI CIV. N. 8,FERRARA,709619,966378,"44,818226","11,650182",600,923948595
673017,PEGOLA,VIA NAZIONALE 224,PEGOLA,698140,951286,"44,685778","11,499278",542,923948604
673025,MALALBERGO ROSSELLI,VIA NAZIONALE,MALALBERGO,700498,954969,"44,718245","11,530449",643,923948607
622013,CORTE MANFREDINI,VIA MADONNA BOSCHI 19,VIGARANO MAINARDA,698050,966598,"44,823515","11,504088",647,923948608
618006,PODERE SAN LEA,VIA CORONELLA F203,POGGIO RENATICO,698602,963096,"44,791866","11,509696",647,923948611
604030,CORPORENO CHIESA,DI SAN MATTEO DELLA DECIMA 32,CORPO RENO,682783,958560,"44,755293","11,308252",650,923948629
621019,SAN CARLO CIMITERO,DI SAN MATTEO DELLA DECIMA 98,SANT`AGOSTINO,689965,963341,"44,796422","11,400695",661,923948630
600780,FORNACE,VIA LADINO 319,FERRARA,699650,966715,"44,82412","11,524353",647,923948639
600924,CORTE LOBERTI,VIA CORONELLA 14,VIGARANO MAINARDA,699242,966864,"44,825575","11,519255",647,923948654
600644,CITTA` DEL RAGAZZO,,FERRARA,710548,966239,"44,816702","11,661862",600,923948659
616000,MIRABELLO,CORSO ITALIA 184,MIRABELLO,694688,966855,"44,826753","11,461699",661,923948663
600013,LA RIZZA - POROTTO,VIA LADINO,FERRARA,701049,968284,"44,837837","11,542652",600,923948673
600781,TORRE UCCELLINO,VIA POGGIO RENATICO 88,FERRARA,702588,962402,"44,784503","11,559762",647,923948681
673019,PEGOLA CENTRO,VIA NAZIONALE 278/A,PEGOLA,698326,951789,"44,690251","11,501818",542,923948693
618004,CORONELLA - EX CONSORZIO,VIA CORONELLA,POGGIO RENATICO,699286,963877,"44,798699","11,518641",647,923948697
621011,SAN CARLO,DI SAN MATTEO DELLA DECIMA 41,SAN CARLO,690905,963871,"44,800938","11,412768",661,923948699
622011,BIVIO MADONNA BOSCHI,VIA CORONELLA 11,VIGARANO MAINARDA,698996,966624,"44,823485","11,516052",647,923948706
600760,CA BIANCHINA,VIA CATENA 22,FERRARA,702326,968270,"44,83735","11,558788",600,923948713
604031,CORPORENO CHIESA,VIA ALBERELLI [CORPORENO] 3,CORPO RENO,682792,958628,"44,755903","11,30839",650,923948716
600715,S.P.I DEPOSITO METANO,PORRETTANA F1457,FERRARA,703366,957486,"44,740071","11,567626",643,923948720
622021,BORGO CASTELLO,VIA CORONELLA F36,VIGARANO MAINARDA,699229,965599,"44,814202","11,518595",647,923948725
673015,VENTAROLA,VIA NAZIONALE FR BV VENTAROLA,ALTEDO,697880,950631,"44,679959","11,495747",542,923948739
600775,BORGO SCOLINE,VIA LADINO 304,BORGO SCOLINE,700436,967042,"44,826841","11,534414",600,923948761
618029,CAVALCAVIA TORRE UCCELLIN,DI POGGIORENATICO 29,POGGIO RENATICO,701493,961799,"44,77939","11,545696",647,923948770
604014,CORPORENO,DI SAN MATTEO DELLA DECIMA 70,CORPO RENO,683147,958918,"44,75842","11,312976",650,923948776
600712,MONTALBANO,PORRETTANA 1147,MONTALBANO,703914,959226,"44,755563","11,575236",643,923948789
618005,CORONELLA - EX CONSORZIO,VIA CORONELLA,POGGIO RENATICO,699281,963874,"44,798673","11,518577",647,923948796
600772,BIVIO VIA LADINO,VIA CIVETTA 1,FERRARA,700754,967199,"44,828163","11,538495",600,923948803
621013,CONTEA PILASTRINI,VIA CIARLE 13,SANT`AGOSTINO,689541,962944,"44,792964","11,395191",661,923948826
621004,CROCIVIA TOSELLI,strada provinciale n.66_ civ 256,SANT`AGOSTINO,687107,961928,"44,784468","11,364073",650,923948874
616004,PRADINE,Corso Italia 514,MIRABELLO,693717,965834,"44,817835","11,449039",661,923948876
600774,BIVIO VIA LADINO,VIA CIVETTA 8,FERRARA,700775,967177,"44,827959","11,538752",600,923948899
600776,BORGO SCOLINE,VIA LADINO 287,BORGO SCOLINE,700443,967065,"44,827045","11,534512",600,923948923
618035,CARBONARO,VIA CORONELLA 122,POGGIO RENATICO,698884,963627,"44,796563","11,513465",647,923948940
622020,CASTELLOTTO,VIA CORONELLA 116,VIGARANO MAINARDA,699179,965081,"44,809557","11,517761",647,923948952
622001,BORGO FRATTINA,Via Cento fr 408,MIRABELLO,695368,967463,"44,832035","11,470527",660,923948955
621009,DOSSO,VIA SAN MATTEO 383,DOSSO,685051,960095,"44,768516","11,33744",650,923948980
622015,VIA MADONNA BOSCHI 43,VIA MADONNA BOSCHI 43,VIGARANO MAINARDA,697433,966304,"44,821042","11,496176",647,923949003
622012,CORTE MANFREDINI,VIA MADONNA BOSCHI 10,VIGARANO MAINARDA,698016,966594,"44,823488","11,503656",647,923949022
600306,VIA RICCIARELLI 2A [615],VIA A.RICCIARELLI 30,AGUSCELLO,710208,965766,"44,812549","11,657371",600,923949040
616003,MIRABELLO CIMITERO,CORSO ITALIA 487,MIRABELLO,694372,966442,"44,823124","11,457548",660,923949063
622016,TRIVELLINO,VIA CORONELLA F122,VIGARANO MAINARDA,699604,964867,"44,807513","11,523046",647,923949078
673016,PEGOLA,VIA NAZIONALE FR 220,PEGOLA,698143,951279,"44,685714","11,499314",542,923949146
600925,CORTE LOBERTI,VIA CORONELLA 1,VIGARANO MAINARDA,699284,966894,"44,825833","11,519798",647,923949155
621018,SAN CARLO VIA RISORGIMENT,VIA RISORGIMENTO 5,SAN CARLO,690808,963888,"44,801116","11,411549",661,923949167
622039,VIGARANO MAINARDA MOTTA,DI SAN MATTEO DELLA DECIMA 320,VIGARANO MAINARDA,696264,968118,"44,837679","11,482105",660,923949181
600759,VIA CATENA,VIA CATENA 11,FERRARA,702922,968624,"44,840364","11,566462",600,923949190
604049,CENTO BILLA,VIA FERRARESE 37,CENTO,681881,957196,"44,743254","11,296379",650,923949202
621014,CONTEA PILASTRINI,VIA CIARLE 34,SANT`AGOSTINO,689574,962883,"44,792406","11,395585",661,923949206
600717,S.P.I.DEPOSITO METANO,PORRETTANA 1457,FERRARA,703374,957491,"44,740114","11,567729",643,923949220
622010,BIVIO MADONNA BOSCHI,VIA CORONELLA 30,VIGARANO MAINARDA,698954,966606,"44,823335","11,515515",647,923949234
600769,FONDORENO,VIA CATENO 43,FONDO RENO,701537,966837,"44,824686","11,548247",600,923949250
621006,CASA CORVINI,strada provinciale 66_ 292,DOSSO,686251,960942,"44,775823","11,352901",650,923949281
616001,MIRABELLO,CORSO ITALIA 349,MIRABELLO,694728,966867,"44,82685","11,462209",660,923949290
673021,PEGOLA SCUOLE,VIA NAZIONALE 344,PEGOLA,698258,952441,"44,696133","11,501213",643,923949342
622014,VIA MADONNA BOSCHI 43,VIA MADONNA BOSCHI 16,VIGARANO MAINARDA,697369,966281,"44,820853","11,495359",647,923949354
604000,CORPORENO,DI SAN MATTEO DELLA DECIMA 83,CORPO RENO,683092,958853,"44,75785","11,312258",650,923949394
673026,MALALBERGO,VIA NAZIONALE,MALALBERGO,700777,955023,"44,718652","11,533989",643,923949396
600766,CA RINALDA,VIA CATENA 70,FONDO RENO,701782,967310,"44,828871","11,55153",600,923949405
600763,CA BIANCHINA,VIA CATENA 17,FERRARA,702358,968303,"44,837638","11,559205",600,923949424
604025,CORPORENO CHIESA,DI SAN MATTEO DELLA DECIMA 45,CORPO RENO,682863,958632,"44,75592","11,309288",650,923949438
621022,SANT`AGOSTINO CONTEA,DI SAN MATTEO DELLA DECIMA 153,SANT`AGOSTINO,689539,962999,"44,793459","11,395186",661,923949439
600630,VIA AEROPORTO 77,VIA DELL`AEROPORTO 77,FERRARA,706482,966309,"44,818522","11,610519",600,923949441
618036,CARBONARO,VIA CORONELLA 185,POGGIO RENATICO,698892,963679,"44,797028","11,513587",647,923949446
622003,CORONELLA CHIESA,VIA CORONELLA 6,CORONELLA,699579,964561,"44,804768","11,52261",647,923949453
622004,CORONELLA CHIESA,VIA CORONELLA 23,CORONELLA,699574,964535,"44,804536","11,522537",647,923949479
600307,VIA RICCIARELLI 2A [615],VIA A.RICCIARELLI 47,FERRARA,710193,965788,"44,812752","11,657191",600,923949490
618033,CORONELLA EX CONSORZIO,VIA CORONELLA 62,CORONELLA,699472,964314,"44,802577","11,521162",647,923949513
622036,VIGARANO MAINARDA STAZION,VIA CENTO,VIGARANO MAINARDA,697801,968504,"44,840726","11,501683",660,923949519
603033,OSPITALE MADONNA DELLA PI,VIA MADONNA DELLA PIOPPA 65,OSPITALE,692321,973997,"44,891631","11,434491",663,930204735
603028,BIVIO SACCONA,VIA CANAL BIANCO 134,BONDENO,696150,974594,"44,895954","11,483168",663,930204818
603003,BIVIO SETTEPOLESINI,VIA C. NAPOLEONIC,BONDENO,693048,974147,"44,892783","11,443747",663,930204835
603037,OSPITALE SCUOLE,VIA MADONNA DELLA PIOPPA 12,OSPITALE,692091,973937,"44,891153","11,431558",663,930204859
622030,CA LUIGIA,VIA CANAL BIANCO (VIGARANO PIEVE) 37,VIGARANO MAINARDA,697256,974038,"44,890647","11,496946",660,930204882
603035,OSPITALE SCUOLE,VIA MADONNA DELLA PIOPPA 23,OSPITALE,692066,973930,"44,891097","11,431239",663,930204901
678002,PICCOLA VENEZIA,VIA CENTO 100,SAN GIOVANNI IN PERSICETO,675975,950826,"44,687431","11,219641",650,931634921
678016,ARGINONE CAPPONA,VIA SAN CRISTOFORO 193,ARGINONE,677517,956802,"44,740807","11,241161",650,931634924
676000,PIEVE DI CENTO P.TA BOLOG,VIA CIRCONVALLAZIONE LEVANTE,PIEVE DI CENTO,682806,953639,"44,711023","11,306781",650,931634929
680001,SANT AGATA BOLOGNESE GRAT,VIA CIRCONDARIA EST,SANT`AGATA BOLOGNESE,669112,947881,"44,66259","11,132123",554,931634930
604001,CENTO ACI,VIA FERRARESE 11,CENTO,681528,956089,"44,733386","11,29153",650,931634934
678009,PIEVE DI DECIMA,VIA SAN CRISTOFORO 74,SAN MATTEO DELLA DECIMA,677117,954404,"44,719335","11,235281",650,931634940
660010,MADONNA DELLA ROVERE,VIA PROVINCIALE OVEST,NONANTOLA,660251,949105,"44,675637","11,020804",427,931634944
660018,CASA GRENZI,VIA DI MEZZO,NONANTOLA,663192,952610,"44,706507","11,059004",427,931634951
678044,S. GIOVANNI IN P. POLO SC,VIA CENTO 30,SAN GIOVANNI IN PERSICETO,674003,945996,"44,644462","11,193134",553,931634954
660013,NONANTOLA AUTOSTAZIONE,,NONANTOLA,661796,949536,"44,679168","11,040421",427,931634963
604083,CENTO OSPEDALE,VIA 20 SETTEMBRE,CENTO,681660,954948,"44,723089","11,29279",650,931634964
678022,SAN GIOVANNI IN PERSICETO,,SAN GIOVANNI IN PERSICETO,673750,944899,"44,634655","11,189575",553,931634970
678049,IL VOLTONE,VIA CENTO BV CARRADONA,SAN GIOVANNI IN PERSICETO,675000,948432,"44,666134","11,206529",553,931634976
678004,LA MORA,VIA CENTO FR 103,SAN GIOVANNI IN PERSICETO,676107,951443,"44,692948","11,221518",650,931634979
604070,BIVIO COLLARI,VIA DI RENAZZO,CENTO,680302,958325,"44,75381","11,276848",650,931634986
604005,CENTO AUTOSTAZIONE,VIALE IOLANDA 15,CENTO,681013,955466,"44,727913","11,28481",650,931634987
678020,SAN GIOVANNI IN PERSICETO,VIA BOLOGNA,SAN GIOVANNI IN PERSICETO,673934,944676,"44,632605","11,191818",553,931634991
678055,BARCHESSA,VIA CENTO 97,SAN GIOVANNI IN PERSICETO,675604,949897,"44,679165","11,214644",650,931634997
660031,PONTE LOSCO,,NONANTOLA,665791,948704,"44,67077","11,090526",421,931634998
604060,PENZALE CHIESA,VIA DI PENZALE,CENTO,680748,956081,"44,733512","11,281684",650,931635003
660021,LA GRANDE,VIA DI MEZZO,LA GRANDE,663628,953895,"44,717968","11,064915",427,931635006
604078,CENTO ACI,VIA FERRARESE 8,CENTO,681521,956081,"44,733316","11,291439",650,931635019
678039,SAN GIOVANNI IN P. PARCO,VIA CIRCONVALLAZIONE ITALIA 50,SAN GIOVANNI IN PERSICETO,673769,945192,"44,637287","11,189913",553,931635021
678053,LE TROMBE (GRANARAZZO),VIA CENTO 92,SAN GIOVANNI IN PERSICETO,675487,949581,"44,676351","11,213061",650,931635026
604011,BIVIO CORPORENO,CENTO - FINALE EMILIA 43,CENTO,682353,958706,"44,756716","11,302876",650,931635039
604003,LA ROCCA,VIA 25 APRILE,CENTO,681095,955113,"44,724717","11,28572",650,931635040
660020,LA GRANDE,VIA DI MEZZO,LA GRANDE,663631,953874,"44,717778","11,064947",427,931635045
678014,ARGINONE,VIA SAN CRISTOFORO 65M DOPO INCR. VIA SA,ARGINONE,677378,955991,"44,733546","11,239124",650,931635066
680004,SANT AGATA BOLOGNESE CHIE,CORSO A. PIETROBUONI,SANT`AGATA BOLOGNESE,668924,947496,"44,659171","11,129626",554,931635079
604062,CROCETTA PENZALE,VIA DI PENZALE,CENTO,680894,956951,"44,741301","11,283835",650,931635080
678029,DECIMA,VIA CENTO 195,SAN MATTEO DELLA DECIMA,676802,953293,"44,709419","11,230922",650,931635096
660029,LA SVOLTA,VIA PROVINCIALE EST 170,NONANTOLA,665137,948648,"44,670417","11,082263",427,931635108
678054,LE TROMBE (GRANARAZZO),VIA CENTO FR 92,SAN GIOVANNI IN PERSICETO,675485,949591,"44,676441","11,213039",650,931635114
678045,ACCATA`,VIA CENTO 60,SAN GIOVANNI IN PERSICETO,674232,946525,"44,649166","11,1962",553,931635120
667000,ASIA BIVIO,VIA SAN BENEDETTO BV VIA ASIA,CASTELLO D`ARGILE,684587,953371,"44,708155","11,32915",546,931635122
680002,S. AGATA BOLOGNESE GRATTA,CORSO A. PIETROBUONI,SANT`AGATA BOLOGNESE,669081,947863,"44,662435","11,131726",554,931635126
660019,CASA GRENZI,VIA DI MEZZO,NONANTOLA,663163,952564,"44,7061","11,058623",427,931635128
660003,BAGAZZANO,VIA MAVORA,NONANTOLA,660653,947047,"44,657032","11,025228",421,931635137
604071,BIVIO COLLARI,VIA DI RENAZZO,CENTO,680269,958278,"44,753395","11,276415",650,931635164
678010,PIEVE DI DECIMA,VIA SAN CRISTOFORO 105,SAN MATTEO DELLA DECIMA,677115,954425,"44,719524","11,235263",650,931635176
604010,BIVIO CORPORENO,VIA NUOVA CIV.18,CENTO,682365,958727,"44,756902","11,303035",650,931635197
604054,CENTO VM,VIA FERRARESE 18,CENTO,681624,956405,"44,736204","11,292854",650,931635198
678037,S. GIOVANNI IN P. PORTA V,CIRCONVALLAZIONE VITTORIO VENETO,SAN GIOVANNI IN PERSICETO,673418,945142,"44,636922","11,185474",553,931635200
607075,VIA PROVINCIALE 59,VIA COPPARO 59,COPPARO,724342,973790,"44,880384","11,839452",612,932876789
600865,FRANCOLINO,PZA FETONTE 39,FRANCOLINO,710078,975968,"44,904329","11,659952",610,932876818
607069,BRAZZOLO CONSORZIO,VIA OSSI F. 46,COPPARO,728327,972056,"44,863525","11,889064",612,932876870
607147,BRAZZOLO DI FORMIGNANA,VIA BRAZZOLO 127,BRAZZOLO DI FORMIGNANA,728549,971824,"44,861367","11,891766",612,932876879
600857,PELLEGRINELLI,VIA ACQUEDOTTO 110,FERRARA,712008,974482,"44,890393","11,68375",610,932876939
600837,VIA CHIORBOLI 112,VIA A.CHIORBOLI 412,FERRARA,714521,977091,"44,913098","11,716644",610,932876965
600905,BOARA EX STAZIONE,VIA COPPARO F219,FERRARA,711461,970558,"44,85527","11,675194",600,932876994
620041,PONTE COLOMBANI,VALLALBANA F8,RUINA,716614,976979,"44,911456","11,743082",611,932877052
607077,VIA PROVINCIALE 59,VIA COPPARO F59,COPPARO,724344,973771,"44,880212","11,839469",612,932877059
600716,CORREGGIO STAZIONE,VIA DELL`UNIONE 215,FERRARA,715452,971835,"44,865555","11,72619",610,932877111
600878,PONTE CANAL BIANCO,VIA DEI CALZOLAI F144,FERRARA,709425,972006,"44,868893","11,650052",600,932877275
600847,ZIOTTA,VIA A.CHIORBOLI 37,FERRARA,712813,976587,"44,90908","11,694818",610,932877337
600728,CORREGGIO STAZIONE,VIA DELL`UNIONE 196,FERRARA,715434,971798,"44,865228","11,725947",610,932877348
620044,RUINA,PIAZZA GARIBALDI,RUINA,716350,977143,"44,913011","11,739811",611,932877352
600860,BORGO CASTELLO,,FERRARA,710935,975226,"44,897402","11,670487",610,932877392
607072,GRADIZZA,VIA COPPARO 60,GRADIZZA,723835,972532,"44,869233","11,832485",612,932877472
600850,PESCARA,VIA ACQUEDOTTO 172,PESCARA,712308,976580,"44,909169","11,688425",610,932877524
600696,RIZZONE,VIA DELL`UNIONE 233,FERRARA,715412,971446,"44,86207","11,725519",610,932877531
600863,LA PAIA,VIA MARIO E BRUNO PATRACCHINI,FRANCOLINO,710433,975856,"44,903216","11,664397",610,932877618
607068,ROVERE,VIA OSSI F. 102,COPPARO,728127,973146,"44,873389","11,887026",612,932877662
600853,FOSSA,VIA ACQUEDOTTO F140,FERRARA,712252,975147,"44,8963","11,687116",610,932877690
600851,GARUFFO,VIA ACQUEDOTTO F146,FERRARA,712393,975941,"44,903397","11,689232",610,932877756
607071,GRADIZZA,VIA COPPARO 77,GRADIZZA,723865,972580,"44,869655","11,832886",612,932877779
600869,FRANCOLINO CONSORZIO,VIA DEI CALZOLAI 455,FRANCOLINO,709826,974970,"44,895429","11,65635",610,932877829
600903,BOARA ELETTRAUTO,VIA COPPARO 204,FERRARA,711734,970956,"44,858768","11,678812",600,932877843
600876,CALZOLAI ACQUEDOTTO,VIA DEI CALZOLAI F243,FERRARA,709402,972566,"44,873936","11,649992",600,932877895
620037,CAPITELLO,VIA FIENILONE 2,RO,717607,978125,"44,921457","11,75614",611,932877947
620042,PONTE COLOMBANI - RUINA,VALLALBANA 8,RUINA,716615,976967,"44,911348","11,743089",611,932877958
607073,GRADIZZA CHIESA,VIA COPPARO F104,GRADIZZA,724180,973109,"44,874312","11,837102",621,932878037
607085,PODERE MARTINI,VIA CANDELOSA F4,GRADIZZA,723699,971967,"44,864196","11,830517",621,932878063
600870,FRANCOLINO CONSORZIO,VIA DEI CALZOLAI 312,FRANCOLINO,709837,974982,"44,895533","11,656494",610,932878084
600848,ZIOTTA,VIA A.CHIORBOLI F37,FERRARA,712829,976590,"44,909103","11,695022",610,932878155
600879,PONTE CANAL BIANCO,VIA DEI CALZOLAI 144,FERRARA,709429,972031,"44,869117","11,650113",600,932878265
600706,RIZZONE,VIA DELL`UNIONE 208,FERRARA,715391,971378,"44,861464","11,725225",610,932878275
600871,FRANCOLINO PARROCCHIA,VIA DEI CALZOLAI 333,FRANCOLINO,709593,974684,"44,892926","11,653284",610,932878328
620043,RUINA,P.ZZA GARIBALDI 6,RUINA,716344,977141,"44,912995","11,739734",611,932878387
607089,PIOPPA VECCHIA,VIA OSSI F. 61,COPPARO,728189,972497,"44,867534","11,887518",612,932878412
600856,PELLEGRINELLI,VIA ACQUEDOTTO F110,FERRARA,711995,974474,"44,890325","11,683583",610,932878452
600864,FRANCOLINO,PZA FETONTE 44,FRANCOLINO,710072,975973,"44,904375","11,659878",610,932878483
600898,FONDO TARTARI,VIA COPPARO F243,FERRARA,713210,971714,"44,865143","11,697791",610,932878509
600867,CONVENTONE,VIA DEI CALZOLAI 565,FRANCOLINO,709932,975425,"44,899489","11,65788",610,932878545
600899,PONTE FERIANI,FERRARA - FORMIGNANA 503,FERRARA,712146,969179,"44,842666","11,683278",610,932878560
600852,GARUFFO,VIA ACQUEDOTTO 146,FERRARA,712404,975969,"44,903646","11,689383",610,932878623
609008,POSSESSIONE DELTA,VIA BRAZZOLO 38,FORMIGNANA,727842,971038,"44,854528","11,882476",621,932878648
607090,CORTE SBARRA,VIA ALTA,COPPARO,728176,974334,"44,884054","11,88818",612,932878662
600861,BORGO CASTELLO,,FERRARA,710931,975223,"44,897376","11,670435",610,932878689
600873,PONTE RAGAZZINA,VIA DEI CALZOLAI 269,FRANCOLINO,709339,974154,"44,888234","11,649852",610,932878749
600849,PESCARA,VIA ACQUEDOTTO 133,FERRARA,712305,976607,"44,909412","11,688398",610,932878851
600885,BAURA,VIA DELL`UNIONE F396,BAURA,714946,970447,"44,853228","11,719204",610,932878860
620046,FORNO,VIA POSSESSIONE GRANDE F10,RUINA,716148,977259,"44,914116","11,737305",611,932878894
600844,SANREMO,VIA A.CHIORBOLI 350,SABBIONI,713664,977441,"44,916504","11,705947",610,932878950
600690,PEDAGNA,VIA PONTEGRADELLA F141,FERRARA,713630,969994,"44,84955","11,702378",610,932879035
600907,PONTE TRAVAGLI,VIA COPPARO 177,FERRARA,710324,969634,"44,847298","11,660437",600,932879132
600874,PONTE RAGAZZINA,VIA DEI CALZOLAI 166,FRANCOLINO,709345,974134,"44,888053","11,649919",610,932879172
600260,COPPARO SPAL,COPPARO 142,PONTEGRADELLA,709789,969497,"44,846224","11,653618",600,932879216
609018,VIA PROVINCIALE KM 5,COPPARO - MIGLIARINO 146 (? AL KM 4),COPPARO,723953,970839,"44,853974","11,83323",621,932879261
600845,SABBIONI,VIA A.CHIORBOLI 97,FERRARA,713421,977131,"44,91379","11,702741",610,932879378
600872,FRANCOLINO PARROCCHIA,VIA DEI CALZOLAI 240,FRANCOLINO,709605,974711,"44,893165","11,653447",610,932879425
620040,COLLEGIO,VALLALBANA 18,RO,717171,977535,"44,916285","11,750368",611,932879476
600875,CALZOLAI ACQUEDOTTO,VIA DEI CALZOLAI 243,FERRARA,709398,972520,"44,873523","11,649923",600,932879552
600868,CONVENTONE,VIA DEI CALZOLAI 416,FRANCOLINO,709965,975464,"44,89983","11,658313",610,932879664
607067,ROVERE,VIA OSSI F. 73,COPPARO,728119,973126,"44,873211","11,886916",612,932879697
623014,BORGO PICCIOLI,via MASSARENTI Giuseppe F16,VOGHIERA,716516,963834,"44,793288","11,736235",620,938287068
610021,CORTE CHIORBOLI,TRESIGALLO - JOLANDA DI SAVOIA F1,JOLANDA DI SAVOIA,734389,972495,"44,865498","11,965898",621,938287072
610037,FONDO MANDRIAZZA,COPPARO - CODIGORO F22,JOLANDA DI SAVOIA,737299,974335,"44,881074","12,003544",616,938287084
610040,CREMLINO,COPPARO - CODIGORO 47,JOLANDA DI SAVOIA,735827,974199,"44,880341","11,984868",616,938287096
607099,CESTA CONSORZIO,VIA BARONCINI V. 2,CESTA,726490,977937,"44,916987","11,86847",612,938287102
610034,S.P. BIVIO LE CONTANE,COPPARO - CODIGORO 27,JOLANDA DI SAVOIA,737843,974203,"44,879705","12,010361",616,938287111
607026,PONTE DI COPPARO,VIA PO F50,COPPARO,722860,975715,"44,898158","11,821557",612,938287117
610056,CORTE LAMA,VIA CANALONE F14,JOLANDA DI SAVOIA,731495,967678,"44,82314","11,927117",621,938287119
607021,LA QUERCIA,DAZIO DI GUARDA 105,COPPARO,721779,976393,"44,904592","11,808179",612,938287129
600893,PONTE BERGONCINO,VIA COPPARO,FERRARA,714773,972879,"44,875148","11,718047",610,938287133
607098,CESTA CONSORZIO,VIA BARONCINI V. 1,CESTA,726518,977958,"44,917167","11,868834",612,938287136
607028,VIA GUARDA 22,VIA ALIGHIERI D. 25,COPPARO,723199,975563,"44,896685","11,825779",612,938287171
607088,COPPARO CASA CANTONIERA,COPPARO 86,COPPARO,719893,974007,"44,883725","11,783282",612,938287175
607111,AMBROGIO CONSORZIO,VIA FACCINI V. 126,AMBROGIO,729293,977492,"44,912086","11,903736",612,938287196
623012,DUCENTOLA,VIA GIUSEPPE MASSARENTI,VOGHIERA,716527,963336,"44,788807","11,736162",620,938287202
607024,FORNO VALENTNO,VIA PO F104,COPPARO,722299,976191,"44,902614","11,81467",612,938287221
607005,SALETTA ALLEVAMENTO POLLI,VIA STAZIONE 46,COPPARO,718936,974369,"44,887276","11,771335",612,938287240
612000,MASI TORELLO BORGO,VIALE ADRIATICO,MASI TORELLO,720911,964337,"44,796462","11,791952",622,938287250
600369,QUARTESANA CONSORZIO AGRA,VIA COMACCHIO 776,QUARTESANA,716986,965264,"44,806004","11,74278",620,938287309
607014,VIA CA` MATTE 92,VIA CA MATTE 92,COPPARO,719272,976628,"44,907484","11,776563",612,938287348
617003,ROVERETO CENTRO2,VIA FERRARA,ROVERETO,727305,960972,"44,764198","11,871191",622,938287351
610050,GHERARDI,LOC GHERARDI 88,GHERARDI,733688,969466,"44,838498","11,955642",621,938287357
610031,CORTE SAURO,COPPARO - CODIGORO 40,JOLANDA DI SAVOIA,738946,973723,"44,87502","12,02408",616,938287366
607095,TAMARA,VIA GOVONI C. 40,TAMARA,718989,973237,"44,877081","11,771516",612,938287370
612006,BORGO CAPITELLO,VIA SANT`ANNA,MASI TORELLO,722260,964171,"44,794551","11,808914",622,938287372
610038,CORTE IOLANDA,COPPARO - CODIGORO 4,JOLANDA DI SAVOIA,736531,974362,"44,881573","11,993846",616,938287384
617006,BIVIO MEDELANA,VIA FERRARA,BIVIO MEDELANA,724644,962637,"44,780011","11,838341",622,938287385
607078,COPPARO PRETURA,VIA MAZZINI G. 20,COPPARO,723635,975118,"44,892547","11,831098",612,938287390
610023,BIVIO GHERARDI,TRESIGALLO - JOLANDA DI SAVOIA 8,JOLANDA DI SAVOIA,732172,970490,"44,848201","11,936954",621,938287393
607059,BRAZZOLO DI AMBROGIO,SMAINA F48,COPPARO,729871,976453,"44,902558","11,910577",612,938287396
607012,CA` MATTE,VIA CAMATTE 73,COPPARO,718830,976256,"44,904275","11,77081",612,938287406
607006,SALETTA,VIA PIZZARDI A. 8,SALETTA,718987,974779,"44,890947","11,772157",612,938287410
600640,QUARTESANA CHIESA,VIA COMACCHIO,QUARTESANA,716600,965215,"44,80568","11,737883",620,938287411
612003,MASI TORELLO CENTRO,VIALE ADRIATICO,MASI TORELLO,721177,964097,"44,794222","11,795206",622,938287451
607100,COCCANILE,VIA BOCCATI P. 60,COCCANILE,726900,978763,"44,924282","11,874029",612,938287457
623011,DUCENTOLA,via MASSARENTI Giuseppe 1,DUCENTOLA,716532,963324,"44,788697","11,73622",620,938287469
607015,PIOPPETTE,DAZIO DI GUARDA F140,COPPARO,720230,977034,"44,910838","11,788861",612,938287480
610039,CORTE IOLANDA,COPPARO - CODIGORO 1,JOLANDA DI SAVOIA,736578,974381,"44,881728","11,994449",616,938287494
607003,SALETTA EX STAZIONE,VIA STAZIONE 84,COPPARO,718984,974094,"44,884788","11,771823",612,938287508
600004,PISTANI,VIA COMACCHIO,FERRARA,719100,965141,"44,804251","11,769428",620,938287512
610024,BIVIO GHERARDI,TRESIGALLO - JOLANDA DI SAVOIA F8,JOLANDA DI SAVOIA,732198,970500,"44,848282","11,937287",621,938287517
607008,STRADA CA` MATTE,VIA CA MATTE F25,COPPARO,718803,975691,"44,899204","11,770224",612,938287528
607110,AMBROGIO METANO,VIA FACCINI V. F64,COPPARO,728508,977223,"44,909921","11,893682",612,938287533
610019,CORTE LIBIA,TRESIGALLO - JOLANDA DI SAVOIA F19,JOLANDA DI SAVOIA,735274,973445,"44,873746","11,977526",616,938287540
617040,ROVERETO,VIA EDMO IDO MANZOLLI,ROVERETO,727301,961134,"44,765655","11,871213",622,938287542
610017,JOLANDA ZUCCHERIFICIO,TRESIGALLO - JOLANDA DI SAVOIA 18,JOLANDA DI SAVOIA,735238,974095,"44,879602","11,977372",616,938287548
610055,CORTE LAMA,VIA CANALONE 14,JOLANDA DI SAVOIA,731546,967792,"44,824149","11,927813",621,938287573
607105,CESTA CONSORZIO,VIA FACCINI V. 2,CESTA,726530,977909,"44,916722","11,868964",612,938287598
624021,PONTE ROVERE,VIA GHERARDI 1,TRESIGALLO,730718,966844,"44,815894","11,916923",621,938287614
610045,CORTE CISI,LOC CISI F6,JOLANDA DI SAVOIA,734653,970860,"44,850713","11,968479",621,938287644
607107,MOTTE,VIA FACCINI V. F29,COPPARO,727811,977177,"44,909731","11,884843",612,938287649
607094,TAMARA,PIAZZA GOVONI 38,TAMARA,718967,973208,"44,876827","11,771226",612,938287689
600794,QUARTESANA CHIESA,VIA COMACCHIO 1205,QUARTESANA,716584,965232,"44,805838","11,737688",620,938287701
607060,SMAINA 30,SMAINA 30,COPPARO,729072,976235,"44,900856","11,900371",612,938287703
610051,FONDO CASINO,VIA CANALONE 7,JOLANDA DI SAVOIA,732619,968727,"44,832205","11,941796",621,938287718
607092,COPPARO CASA CANTONIERA,COPPARO 85,COPPARO,719980,974019,"44,883806","11,784388",612,938287739
607124,PONTE S.PIETRO,VIA BOTTONI D. F13,PONTE SAN PIETRO,724393,976745,"44,906936","11,841406",612,938287743
600887,CORLO,VIA COPERTA 432,CORLO,717310,973594,"44,880806","11,750436",610,938287765
600890,BIVIO MALBORGHETTO DI COR,VIA COPPARO,FERRARA,716246,973522,"44,880483","11,736949",610,938287775
612002,MASI TORELLO CENTRO,VIALE ADRIATICO,MASI TORELLO,721177,964095,"44,794204","11,795206",622,938287776
607101,COCCANILE,VIA BOCCATI P. 25,COCCANILE,726897,978753,"44,924193","11,873986",612,938287778
617007,BIVIO MEDELANA2,VIA FERRARA,BIVIO MEDELANA,724629,962639,"44,780033","11,838153",622,938287788
610041,CREMLINO,COPPARO - CODIGORO F49,JOLANDA DI SAVOIA,735862,974197,"44,880312","11,98531",616,938287796
607031,SEMINIATO,VIA GUARDA F95,COPPARO,723222,978789,"44,925683","11,827493",612,938287798
607013,VIA CA` MATTE 92,VIA CA MATTE 92,COPPARO,719299,976643,"44,90761","11,776911",612,938287805
610022,CORTE CHIORBOLI,TRESIGALLO - JOLANDA DI SAVOIA 1,JOLANDA DI SAVOIA,734425,972517,"44,865684","11,966363",621,938287806
607061,SMAINA 30,SMAINA F30,COPPARO,729081,976250,"44,900988","11,900492",612,938287813
624022,PONTE ROVERE,VIA GHERARDI F1,TRESIGALLO,730781,966848,"44,81591","11,91772",621,938287818
607029,VIA GUARDA 22,VIA ALIGHIERI D. 30,COPPARO,723195,975602,"44,897037","11,825745",612,938287824
610027,TRESIGALLO CASA CANTONIER,VIA JOLANDA DI SAVOIA 12,JOLANDA DI SAVOIA,730755,969194,"44,83701","11,918457",621,938287827
607096,CESTA,VIA PROV. PER COLOGNA 37,CESTA,726240,977726,"44,91517","11,865212",612,938287831
624001,ASINARDELLA,VIA DELLE VENEZIE 17,TRESIGALLO,729571,968028,"44,82691","11,90297",621,938287843
607002,SALETTA EX STAZIONE,VIA STAZIONE 123,COPPARO,718991,974101,"44,884849","11,771915",612,938287866
607010,CA` MATTE,VIA CAMATTE 72,COPPARO,718878,976281,"44,904485","11,771428",612,938287898
610054,CORTE LUIBA,VIA CANALONE F7,JOLANDA DI SAVOIA,731906,968220,"44,827879","11,932556",621,938287903
624012,ASINARDELLA,VIA DELLE VENEZIE 20,TRESIGALLO,729595,968043,"44,827037","11,90328",621,938287918
607009,STRADA CA` MATTE,VIA CA MATTE 25,COPPARO,718823,975667,"44,898982","11,770466",612,938287919
600894,PONTE BERGONCINO,VIA COPPARO,FERRARA,714791,972903,"44,875359","11,718285",610,938287927
600006,PUNTA SCUOLE,VIA COMACCHIO,MASI TORELLO,719400,964943,"44,802378","11,773131",620,938287929
607132,PONTE S. PIETRO,VIA BOTTONI D. 18,PONTE SAN PIETRO,724486,976785,"44,907266","11,842601",612,938287930
607017,POSSESSIONE PALAZZO,DAZIO DI GUARDA F128,COPPARO,721129,976503,"44,905784","11,800004",612,938287967
600739,CORREGGIO,VIA DELL`UNIONE 125,CORREGGIO,715904,972737,"44,873529","11,732289",610,938287971
607134,COPPARO VIALE NORD,V.LE RICCI  I. 3,COPPARO,723883,975702,"44,897719","11,834493",612,938287984
607030,SEMINIATO,VIA GUARDA 95,COPPARO,723228,978842,"44,926157","11,827592",612,938287991
610026,TRESIGALLO CASA CANTONIER,VIA JOLANDA DI SAVOIA F12,JOLANDA DI SAVOIA,730739,969194,"44,837015","11,918255",621,938287999
617010,MEDELANA,FINAL DI RERO - ROVERETO 6,OSTELLATO,727638,961776,"44,77132","11,875752",622,938288001
610042,CORTE TROTTO,LOC CISI F2,JOLANDA DI SAVOIA,735319,972601,"44,866144","11,977703",621,938288010
600750,CORREGGIO,VIA DELL`UNIONE 88,CORREGGIO,715881,972725,"44,873428","11,731993",610,938288019
601019,BANDO CHIESA,PORTOMAGGIORE - ARGENTA 12,BANDO,728348,948005,"44,647279","11,878565",634,944997696
601025,BIVIO ALBERELLI,VIA ARGINE MARINO FR7,ARGENTA,725539,945257,"44,62346","11,841978",634,944997701
601020,CASA DEL GHIACCIO,VIA ARGINE MARINO 14,ARGENTA,727743,946601,"44,634848","11,870322",634,944997707
619019,CORTE BONAFE`,PORTOMAGGIORE - ARGENTA F19,PORTOMAGGIORE,726573,950448,"44,669808","11,857289",633,944997709
601082,BOCCALEONE,VIA ADRIATICA FR3,ARGENTA,722204,947004,"44,64021","11,800745",633,944997735
601008,DOSSO GINEPRO,via OCA CAMPAZZO 4,ARGENTA,731085,945078,"44,620085","11,911719",634,944997743
619021,CORTE FIUME,PORTOMAGGIORE - ARGENTA 15,PORTOMAGGIORE,726213,950937,"44,674318","11,852969",633,944997760
601133,CA TESORO,via OCA CAMPAZZO F21,ARGENTA,731586,944589,"44,615527","11,917806",634,944997786
601134,DOSSO GINEPRO,via OCA CAMPAZZO 13,ARGENTA,731040,945142,"44,620675","11,911182",634,944997795
619020,CORTE BONAFE`,PORTOMAGGIORE - ARGENTA 19,PORTOMAGGIORE,726582,950435,"44,669688","11,857396",633,944997796
601012,FIORANA CASA BIANCA,via FIORANA 70,ARGENTA,729710,947190,"44,639516","11,895355",634,944997800
601017,BANDO CHIESA,PORTOMAGGIORE - ARGENTA 15,BANDO,728340,948030,"44,647506","11,878476",634,944997831
601014,BANDO,via FIORANA 16,BANDO,728883,947625,"44,643691","11,885134",634,944997835
601029,RISTORANTE GIANNINA,via CARDINALA 6,CAMPOTTO,721966,939417,"44,572063","11,794473",634,944997837
601112,TROTTA,VIA MARGOTTI 97,ARGENTA,736550,942607,"44,596087","11,979376",701,944997842
619018,MORONE,PORTOMAGGIORE - ARGENTA F47,PORTOMAGGIORE,727562,949115,"44,657509","11,869158",633,944997845
619022,CORTE FIUME,PORTOMAGGIORE - ARGENTA F15,PORTOMAGGIORE,726226,950913,"44,674099","11,853122",633,944997847
601092,ARGENTA POLIZIA STRADALE,via ADRIATICA 64,ARGENTA,725486,943395,"44,606735","11,840494",634,944997890
601120,FONDO BOSCO,VIA MOLINETTO F61,ARGENTA,741352,939096,"44,562924","12,03815",701,944997892
601023,CA NOVELLINA,VIA ARGINE MARINO FR11,ARGENTA,726285,945784,"44,627964","11,851603",634,944997916
601088,ARGENTA,via MATTEOTTI Giacomo F29,ARGENTA,725074,944252,"44,61457","11,835684",634,944997926
619017,MORONE,PORTOMAGGIORE - ARGENTA 47,PORTOMAGGIORE,727551,949136,"44,657701","11,869029",633,944998014
601094,LA CELLETTA,via ADRIATICA 118,ARGENTA,726053,942407,"44,597673","11,847196",634,944998019
601123,MADONNA DEL BOSCO,via MADONNA DEL BOSCO F79,ARGENTA,743422,937598,"44,548759","12,063472",635,944998031
601126,FILO DI ARGENTA CASE POPO,via OCA PISANA 18,FILO,732510,942069,"44,592571","11,928297",701,944998035
601078,CONSANDOLO,VIA PROVINCIALE 43,CONSANDOLO,720199,948497,"44,654254","11,776134",633,944998036
601108,FILO D`ARGENTA - CAVALLIN,VIA MARGOTTI 66,ARGENTA,733308,941751,"44,589453","11,938194",701,944998044
601110,MOLINO DI FILO,VIA MARGOTTI 67,MOLINO DI FILO,734523,942104,"44,592231","11,953641",701,944998060
601075,BORGO TREBBO,via NAZIONALE NORD 67,ARGENTA,719172,948864,"44,657869","11,763354",633,944998073
601084,ARGENTA IPERCOOP,via ADRIATICA 119,ARGENTA,723886,944775,"44,619644","11,820957",634,944998086
601009,LA FIORANA,via FIORANA 45,LA FIORANA,730425,946519,"44,633253","11,904057",634,944998094
601117,LONGASTRINO,VIA MOLINETTO 2/H,ARGENTA,738895,941793,"44,587992","12,008504",701,944998112
601021,CASA DEL GHIACCIO,VIA ARGINE MARINO FR14,ARGENTA,727760,946621,"44,635022","11,870545",634,944998117
601100,PONTE BASTIA,VIA VIII SETTEMBRE F3,ARGENTA,728424,940300,"44,577978","11,876098",798,944998138
601116,LONGASTRINO,VIA MOLINETTO 1/E,LONGASTRINO,738894,941814,"44,588181","12,008501",701,944998150
601024,BIVIO ALBERELLI,VIA ARGINE MARINO 5,ARGENTA,725520,945240,"44,623313","11,841732",634,944998156
681000,BORGHETTO DI ANITA,via MADONNA DEL BOSCO 27-29,ARGENTA,743626,938507,"44,556862","12,066466",635,944998158
601127,FILO DI ARGENTA CASE POPO,via OCA PISANA 15,FILO,732527,941999,"44,591936","11,928479",701,944998173
601118,LA COMACCHIESA,VIA MOLINETTO 60,ARGENTA,740494,939830,"44,569811","12,027703",701,944998201
681001,BORGHETTO DI ANITA,via MADONNA DEL BOSCO 20,ANITA,743618,938484,"44,556658","12,066354",635,944998206
601096,SAN BIAGIO,via ADRIATICA 88,SAN BIAGIO,727421,940922,"44,583889","11,863755",634,944998209
601085,ARGENTA IPERCOOP,via ADRIATICA 80,ARGENTA,723864,944820,"44,620056","11,820699",634,944998239
601016,BANDO ZUCCHERIFICIO,via VAL D`ALBERO 63,BANDO,729168,948174,"44,648536","11,888969",634,944998243
601125,ANITA,piazza CADUTI PER LA LIBERTA` 2,ANITA,744404,939483,"44,565371","12,07671",635,944998248
601098,SAN BIAGIO EX ZUCCHERIFIC,via ADRIATICA F131,ARGENTA,728148,940561,"44,580412","11,872742",798,944998303
601079,BORGO SCABBIA,via NAZIONALE SUD 76,CONSANDOLO,720792,948176,"44,651185","11,783466",633,944998324
601129,VIA OCA PISANA 30,via OCA PISANA 23,ARGENTA,732350,942604,"44,597433","11,926526",701,944998339
659002,MODENA - MASERATI,VIA PAOLO FERRARI,MODENA,653788,946057,"44,649629","10,938394",401,945119016
659008,MODENA FIAT,VIA MARCANTONIO PARENTI,MODENA,652446,947094,"44,659246","10,921788",401,945119061
659005,MODENA STAZIONE FS,VIALE MONTE KOSICA,MODENA,653184,946425,"44,653069","10,930891",401,945119078
659006,MODENA ATTIRAGLIO,STRADA ATTIRAGLIO,MODENA,653407,946593,"44,654533","10,933752",401,945119095
659013,MODENA PIAZZALE SEFTA,VIA NONANTOLANA,MODENA,654861,946854,"44,656569","10,952159",401,945119124
659009,MODENA ATTIRAGLIO,VIA CANALETTO SUD,MODENA,653409,946750,"44,655946","10,933824",401,945119132
600375,CAPITELLO,VIA DELLA GINESTRA,FERRARA,713219,965806,"44,812014","11,695425",600,959369692
600376,COCOMARO DI FOCOMORTO,VIA DELLA GINESTRA 163,COCOMARO DI FOCOMORTO,712654,966088,"44,814719","11,688406",600,959369907
600372,GINESTRA,VIA DELLA GINESTRA 229,FERRARA,713951,965713,"44,810959","11,704633",600,959370410
606054,COMACCHIO EX MUTUA [015],VIA SPINA N. 75,COMACCHIO,751685,954352,"44,696508","12,175549",627,960134268
684017,BELLOCCHIO,VIA ROMEA NORD,RAVENNA,757479,945126,"44,611521","12,24393",707,960134275
606086,SCACCHI ALPI CENTRALI [04,VIALE ALPI CENTRALI 70,LIDO DEGLI SCACCHI,756573,955702,"44,706903","12,237822",602,960134277
606033,CORTE DOROTEA [025],S.P.15 N.17,COMACCHIO,750435,955939,"44,711212","12,160573",627,960134280
606005,LIDO ESTENSI VIALE DEGLI,VIALE DEGLI ULIVI N. 111,LIDO DEGLI ESTENSI,757004,950819,"44,66286","12,240804",604,960134283
606118,SCACCHI VECCHIO [040],VIALE DEGLI SCACCHI N.4,LIDO DEGLI SCACCHI,756104,955659,"44,706685","12,231889",602,960134287
606143,LIDO SPINA BAR DEL MORO [,VIALE MICHELANGELO FR. N. 7,LIDO DI SPINA,757591,949585,"44,651558","12,247576",604,960134288
606058,COMACCHIO CIAMBELLINO [02,VIA SPINA N. 47,COMACCHIO,751947,954138,"44,694492","12,178745",627,960134290
606088,PIC-NIC [043],VIALE ALPI ORIENTALI FR. N.127,LIDO DI POMPOSA,756502,956361,"44,712852","12,237258",602,960134299
606062,COMACCHIO DISPENSARIO,VIA MARINA N.FR.41,COMACCHIO,752739,953615,"44,689512","12,188468",627,960134303
606004,LIDO ESTENSI LOGONOVO [08,VIALE DEI TIGLI N.29,LIDO DEGLI ESTENSI,757171,950574,"44,660598","12,242784",604,960134304
606130,LIDO SPINA VIALE PUCCINI,VIALE PUCCINI GIACOMO 96,LIDO DI SPINA,757900,947954,"44,636788","12,250647",604,960134307
606085,SCACCHI ALPI CENTRALI [04,VIALE ALPI CENTRALI 65,LIDO DEGLI SCACCHI,756580,955736,"44,707207","12,237927",602,960134309
606006,LIDO ESTENSI VIALE DEGLI,VIALE DEGLI ULIVI N. 138,LIDO DEGLI ESTENSI,756994,950802,"44,662711","12,240669",604,960134310
606144,LIDO SPINA BARRACUDA [091,VIALE RAFFAELLO SANZIO N. 99,LIDO DI SPINA,757066,949973,"44,655234","12,24116",604,960134316
606098,BIVIO VIA IMPERIALI,VIA DEI CONTINENTI,COMACCHIO,755225,958830,"44,735501","12,222394",601,960134317
606066,RAIBOSOLA - VILLAGGIO DEL,S.P. DI COMACCHIO FR. N. 73,COMACCHIO,753177,953223,"44,685833","12,193793",627,960134318
606082,PERICLE [035],VIALE DEI MILLE 209,PORTO GARIBALDI,756856,953397,"44,686085","12,240232",603,960134322
606090,LIDO POMPOSA [046],VIALE DOLOMITI N.39,LIDO DI POMPOSA,756451,957041,"44,718982","12,236956",602,960134328
606139,LIDO SPINA AGENZIA BRUNET,VIALE LEONARDO DA VINCI FR. N. 109,LIDO DI SPINA,757804,948882,"44,645163","12,249905",604,960134337
606122,PORTOGARIBALDI PONTE ROME,VIALE NINO BONNET (PORTO GARIBALDI),PORTO GARIBALDI,756021,952377,"44,677216","12,229202",603,960134339
606145,LIDO SPINA BARRACUDA [091,VIALE RAFFAELLO SANZIO FR. N.121,COMACCHIO,757054,949954,"44,655068","12,241",604,960134341
606099,CAMPING TAHITI [055],VIALE LIBIA 133,LIDO DELLE NAZIONI,755923,958746,"44,734496","12,231154",601,960134343
606044,BIVIO STRADA PALLOTTA [01,VIA STRADA PROVINCIALE PER OSTELLATO FR.,COMACCHIO,749840,954726,"44,700517","12,15248",627,960134344
606136,LIDO SPINA LA MERIDIANA [,VIALE VERDI GIUSEPPE FR. N. 39,LIDO DI SPINA,757786,948595,"44,64259","12,249534",604,960134351
606073,VIA RIMEMBRANZA [030],VIALE RIMEMBRANZE N. 7,PORTO GARIBALDI,756112,952321,"44,67668","12,23032",603,960134353
606137,LIDO SPINA AGENZIA BRUNET,VIALE LEONARDO DA VINCI N. 109,LIDO DI SPINA,757808,948877,"44,645117","12,249953",604,960134356
606078,PORTOGARIBALDI VIA DEI MI,VIALE DEI MILLE 3,PORTO GARIBALDI,756974,952562,"44,678537","12,2413",603,960134361
606068,COMACCHIO CIMITERO,VIA STRADA PROVINCIALE PER OSTELLATO,COMACCHIO,754025,952392,"44,678063","12,204065",603,960134363
606079,VIA DEI MILLE [034],VIALE DEI MILLE 69,COMACCHIO,756925,953013,"44,682608","12,240909",603,960134375
606052,COMACCHIO ZUCCHERIFICIO [,VIA SPINA INCR. VILLAGGIO SAN FRANCESCO,COMACCHIO,751061,954607,"44,69902","12,16781",627,960134387
606077,PORTOGARIBALDI VIA DEI MI,VIALE DEI MILLE 6,PORTO GARIBALDI,756984,952591,"44,678794","12,24144",603,960134397
606048,COMACCHIO OSPEDALE,VIA RAIMONDO FELLETTI,COMACCHIO,752771,954229,"44,695019","12,189174",627,960134401
606134,LIDO SPINA FIERAMOSCA [10,VIALE VERDI GIUSEPPE N. 76,LIDO DI SPINA,757952,948338,"44,64022","12,251495",604,960134402
606087,PIC-NIC [043],VIALE ALPI ORIENTALI N.123,LIDO DI POMPOSA,756514,956369,"44,71292","12,237413",602,960134404
606101,VIALE LIBIA [056],VIALE LIBIA 19,LIDO DELLE NAZIONI,756389,958777,"44,734607","12,237045",601,960134409
606031,ROSSONIA KM48 [026],S.P. 15 N.37,COMACCHIO,750017,956860,"44,719637","12,155754",627,960134414
606007,LIDO ESTENSI CHIESA [082],VIALE DEGLI ULIVI FR. N. 12,LIDO DEGLI ESTENSI,756959,951242,"44,666678","12,240449",604,960134420
684000,ROMEA METANO,VIA ROMEA NORD,RAVENNA,757593,944295,"44,604011","12,244949",707,960134421
606071,COMACCHIO DEPOSITO [021],S.P. COMACCHIO FR. N.40,COMACCHIO,754657,952301,"44,67702","12,211981",603,960134429
606147,LIDO SPINA AROLDO [090],VIALE DELLE ACACIE N. 18,LIDO DI SPINA,757332,950337,"44,65841","12,244692",604,960134431
606051,BAGNO ASTOR [034],VIA DEI MILLE 69/65,PORTO GARIBALDI,756920,952927,"44,681837","12,240802",603,960134437
606008,LIDO ESTENSI CHIESA [082],VIALE DEGLI ULIVI 16,LIDO DEGLI ESTENSI,756950,951220,"44,666484","12,240324",604,960134448
604020,OFFICINE GOVONI,CASUMARO - PILASTRELLO 11,CENTO,686196,965974,"44,821098","11,354047",661,983477501
657020,FINALE EMILIA ZONA ARTIGI,SP468 VIA PER FERRARA FR. CIV. 4,FINALE EMILIA,682076,966719,"44,828864","11,302244",425,983477511
604051,BOTTEGHINO,VIA RIGA [XII MORELLI] F10,FINALE EMILIA,682056,964475,"44,808684","11,301188",425,983477606
603005,SCORTICHINO VIA CILEA,,SCORTICHINO,683925,972171,"44,877428","11,327591",663,983477612
657023,APOSTOLICA,VIA CANALAZZO CASCINETTA,FINALE EMILIA,682988,969441,"44,853114","11,314753",425,983477632
604029,LA VILLA,VIA CORREGGIO [CASUMARO] 525,CENTO,685989,967439,"44,834329","11,351967",664,983477650
657018,RENO FINALESE,VIA FINALESE,RENO FINALESE,683728,967136,"44,832191","11,323276",664,983477662
618023,PREDIO ALBERAZZA,VIA STRADA NUOVA 31,POGGIO RENATICO,690490,961710,"44,781612","11,406717",661,983477732
657021,FINALE EMILIA ZONA ARTIGI,SP468 VIA PER FERRARA,FINALE EMILIA,682067,966676,"44,828479","11,302115",425,983477746
604028,LA VILLA,SP67 VIA PER FERRARA CIV.115,FINALE EMILIA,685985,967383,"44,833827","11,351896",664,983477763
604016,BUONACOMPRA,SP13  CASUMARO - PILASTRELLO CIV. 123,CENTO,685345,964441,"44,807531","11,342734",661,983477786
618016,VIA SCORSURO,VIA SCORSURO 2,CHIESA NUOVA,692446,961587,"44,779981","11,431372",661,983477986
604048,VIA RIGA,VIA RIGA [XII MORELLI] F29,CREVALCORE,681197,963495,"44,800088","11,289985",425,983478019
657025,FINALE EMILIA GIARDINI DE,VIA DANTE ALIGHIERI,FINALE EMILIA,681292,966846,"44,830206","11,29238",425,983478046
604053,BIVIO ALBERONE,VIA RIGA [XII MORELLI] F54,FINALE EMILIA,682372,965395,"44,816879","11,305511",425,983478104
603102,BORGO PIRETTA,VIA ARGINE DIVERSIVO [ SCORTICHINO ] 113,BONDENO,685288,971708,"44,87291","11,344664",663,983478126
657008,VIA PER FERRARA 99,,CENTO,685823,967078,"44,831126","11,349737",664,983478162
604036,RENAZZO PARRUCCHIERA,CENTO - ALBERONE 38,RENAZZO,680756,960265,"44,771146","11,283267",650,983478213
603006,SCORTICHINO VIA LEONARDO,,SCORTICHINO,684201,972586,"44,881089","11,331233",663,983478251
657014,PO VALLETTA,VIA RIGA [XII MORELLI] F18,CREVALCORE,681422,963800,"44,802774","11,292936",425,983478294
604081,MONSIGNORE DI SOPRA,VIA MONSIGNORE [ALBERONE] 1,DODICI MORELLI,682291,963777,"44,802346","11,303907",425,983478385
604023,CASUMARO BAR GIOVANNI,VIA BONDONESE CIV.84,CASUMARO,686460,966918,"44,82952","11,35773",664,983478409
604072,RENAZZO TABACCHERIA BEDAN,VIA DI RENAZZO,RENAZZO,681030,959355,"44,762891","11,286404",650,983478519
618022,PREDIO ALBERAZZA,VIA STRADA NUOVA 4,POGGIO RENATICO,690568,961663,"44,781168","11,407684",661,983478534
657007,VIA PER FERRARA 99,SP. 67 VIA PER FERRARA CIV.99,FINALE EMILIA,685777,967048,"44,830868","11,349144",664,983478574
657024,FINALE EMILIA GIARDINI DE,VIA DANTE ALIGHIERI,FINALE EMILIA,681302,966840,"44,830149","11,292504",425,983478613
604073,RENAZZO TABACCHERIA BEDAN,VIA DI RENAZZO,RENAZZO,681017,959358,"44,762921","11,286241",650,983478644
604027,CASUMARO BAR MEXICO,CASUMARO - PILASTRELLO 161,CASUMARO,686610,967510,"44,834806","11,359843",664,983478725
604041,DODICI MORELLI CASA BIANC,CENTO - ALBERONE F9,CENTO,681520,961999,"44,786549","11,293533",425,983478745
604034,BIVIO BEVILACQUA,CENTO - ALBERONE 12,RENAZZO,680530,959763,"44,766687","11,280236",650,983478776
604056,VIA MAESTRA GRANDE 26,VIA MAESTRA GRANDE,DODICI MORELLI,682123,963394,"44,798944","11,301648",425,983478788
657034,FINALE EMILIA - OSPEDALE,via trento e Trieste 8,FINALE EMILIA,681799,967363,"44,834727","11,298973",425,983478840
603007,SCORTICHINO VIA LEONARDO,VIA LEONARDO DA VINCI,SCORTICHINO,684192,972582,"44,881056","11,331118",663,983478958
603105,VILLA GALLINI,VIA GUATTARELLA 16,BONDENO,686049,971955,"44,874933","11,354381",663,983479045
604079,RENAZZO - STABILIMENTO,VIA NUOVA BV VIA STORTA,CENTO,682701,959778,"44,76627","11,307653",650,983479048
604026,CASUMARO BAR MEXICO,CASUMARO - PILASTRELLO 220,CASUMARO,686626,967537,"44,835044","11,360055",664,983479108
604043,DODICI MORELLI,VIA XII MORELLI 40,DODICI MORELLI,681196,962459,"44,790769","11,289604",425,983479168
621012,PRADETTO,VIA CIARLE 100,SANT`AGOSTINO,689997,962354,"44,787536","11,400731",661,983479195
604019,OFFICINE GOVONI,VIA BONDONESE CIV.12,CENTO,686216,966002,"44,821345","11,35431",661,983479400
604068,VIA FINALESE 14,VIA FINALESE,FINALE EMILIA,683443,966508,"44,826615","11,319447",425,983479413
604092,TORRE SPADA,VIA NUOVA,CENTO,683307,961518,"44,781766","11,315931",650,983479442
604046,DODICI MORELLI 86,VIA XII MORELLI 101,DODICI MORELLI,680741,962635,"44,792468","11,283919",425,983479507
603106,VILLA GALLINI,VIA GUATTARELLA 11,BONDENO,686051,971937,"44,874771","11,3544",663,983479559
621010,PRADETTO,VIA CIARLE F94,SANT`AGOSTINO,689975,962393,"44,787892","11,400468",661,983479580
604052,BIVIO ALBERONE,VIA RIGA [XII MORELLI] 62,CENTO,682394,965416,"44,817062","11,305796",425,983479648
618020,CHIESA NUOVA MULINO,VIA SCORSURO F235,POGGIO RENATICO,691630,960928,"44,774273","11,42082",661,983479673
604065,BIVIO VIA OROLOGI,VIA FINALESE,CENTO,683431,965945,"44,821554","11,319092",425,983479698
657010,SBARETTA,VIA CORREGGIO [RENO CENTESE] 607,RENO CENTESE,685268,966954,"44,830155","11,342676",664,983479746
618018,CHIESA NUOVA,VIA SCORSURO 12,CHIESA NUOVA,692053,961272,"44,777254","11,42629",661,983479832
604024,CASUMARO BAR GIOVANNI,CASUMARO - PILASTRELLO 79,CASUMARO,686442,966874,"44,829129","11,357486",664,983479837
657013,PO VALLETTA,VIA RIGA [XII MORELLI] 18,CENTO,681486,963855,"44,803253","11,293765",425,983479849
604066,BIVIO VIA OROLOGI,VIA FINALESE,CENTO,683422,965937,"44,821485","11,318976",425,983479895
604037,RENAZZO PARRUCCHIERA,CENTO - ALBERONE 25,RENAZZO,680742,960250,"44,771014","11,283085",650,983479933
679006,GHERGHENZANO PONTE ROSSO,VIA PROVINCIALE POGGIO RENATICO,SAN GIORGIO DI PIANO,689608,950435,"44,680434","11,391393",546,990106615
603113,BIVIO VIA SUORE,VIA PROVINCIALE CENTESE [ SANTA BIANCA ],BONDENO,687393,969240,"44,85016","11,370379",663,990106635
603114,BIVIO VIA SUORE,VIA PROVINCIALE CENTESE,BONDENO,687411,969241,"44,850165","11,370607",663,990107569
605054,BIVIO LE CONTANE,DI CODIGORO 67,CODIGORO,744995,979116,"44,921437","12,103161",615,1067568152
631002,BELVEDERE,STRADA PROVINCIALE PER MESOLA,MESOLA,753504,979848,"44,925025","12,211176",618,1067568178
614027,PONTE CHIAVICONI,VIA DELLA LIBERAZIONE F110,MESOLA,751624,979699,"44,924356","12,187316",618,1067568344
605080,PONTE FANTINA,LOC PER ARIANO 32,MEZZOGORO,744524,977785,"44,909635","12,096559",615,1067568435
614028,PONTE CHIAVICONI,VIA DELLA LIBERAZIONE 110,MESOLA,751640,979710,"44,924449","12,187524",618,1067568455
605079,BIVIO CONVENTO,SP36 FR CIV38,CODIGORO,743628,979387,"44,924344","12,085996",615,1067568545
605032,VIA PONTELANGORINO 58,PONTE MAODINO - MASSENZATICA 84,CODIGORO,748627,971706,"44,853568","12,145476",617,1067780676
605010,TORBIERA,DI CODIGORO 78,TORBIERA,743779,973297,"44,869549","12,084976",617,1067780679
611013,CORTE MICHELINA,STRADA PROVINCIALE (BORGATA BOSCHETTO),LAGOSANTO,750302,963603,"44,780147","12,162654",628,1067780699
605012,PONTE REALE PER CODIGORO,DI CODIGORO 78,CODIGORO,743839,972201,"44,859676","12,085207",617,1067780721
611037,VIA GIOVANNI XXIII [104],VIA GIOVANNI XXIII 38,LAGOSANTO,748249,962184,"44,76811","12,136053",628,1067780728
611012,BOSCHETTO SCUOLE,LAGOSANTO - VACCOLINO 50,BOSCHETTO,750396,964540,"44,788536","12,164301",628,1067780760
606022,CORTE LAZIO [121],VIA ARGINE SPINO N.23,COMACCHIO,747960,957823,"44,729011","12,130288",627,1067780784
606010,VACCOLINO,ROMEA 48,VACCOLINO,751475,966012,"44,801387","12,178647",629,1067780798
605077,CODIGORO CIMITERO,VIALE RESISTENZA,CODIGORO,746006,969285,"44,832718","12,111182",617,1067780863
